crs,tiploc,name
AAP,ALEXNDP,ALEXANDRA PALACE
AAT,ACHANLT,ACHANALT
ABA,ABDARE,ABERDARE
ABC,ALTNBRC,ALTNABREAC
ABD,ABRDEEN,ABERDEEN
ABE,ABER,ABER
ABF,ASHUBUS,ASHURST BALD FACE STAG P.H.
ABH,ABRE,ABERERCH
ABL,,ALLOA BUS LINK
ABO,,ABOYNE
ABW,ABWD,ABBEY WOOD
ABX,ABWDXR,ABBEY WOOD EL
ABY,ASHBRYS,ASHBURYS
ACB,ACBG,ACTON BRIDGE
ACC,ACTNCTL,ACTON CENTRAL
ACG,ACOCKSG,ACOCKS GREEN
ACH,ACHHSHL,ACHNASHELLACH
ACK,ACKLNGT,ACKLINGTON
ACL,ACLE,ACLE
ACN,ACHNSHN,ACHNASHEEN
ACR,ACRNGTN,ACCRINGTON
ACT,ASCOT,ASCOT
ACY,ABRCYNS,ABERCYNON
ADC,ADLC,ADLINGTON (CHESHIRE)
ADD,ADERLYP,ADDERLEY PARK BIRMINGHAM
ADK,ARDWICK,ARDWICK
ADL,ADNL,ADLINGTON (LANCASHIRE)
ADM,ADISHAM,ADISHAM
ADN,ARDRSTN,ARDROSSAN TOWN
ADR,AIRDRIE,AIRDRIE
ADS,ARDRSHB,ARDROSSAN HARBOUR
ADV,ANDOVER,ANDOVER
ADW,ADIEWEL,ADDIEWELL
AER,ABARASQ,ABERAERON ALBAN SQUARE
AFD,ABRFRWD,ABERFFRWD
AFK,ASHFKY,ASHFORD (KENT)
AFS,ASFDMSX,ASHFORD (MIDDLESEX)
AFV,ANSDELL,ANSDELL & FAIRHAVEN
AGL,ABGLELE,ABERGELE & PENSARN
AGS,ARGYLST,ARGYLE STREET GLASGOW
AGT,ALDTON,ALDRINGTON
AGV,ABRGVNY,ABERGAVENNY
AHD,ASHD,ASHTEAD
AHN,ASHONUL,ASHTON-UNDER-LYNE
AHS,ASHURST,ASHURST KENT
AHT,ALDRSHT,ALDERSHOT
AHV,ASHVALE,ASH VALE
AIG,AIGBURT,AIGBURTH
AIN,AINTREE,AINTREE
AIR,AIRBLES,AIRBLES
ALB,ALBRGHT,ALBRIGHTON
ALD,ALDEDGE,ALDERLEY EDGE
ALE,ALERTN,LIVERPOOL SOUTH PW HL
ALF,ALFRETN,ALFRETON
ALG,ALBURGH,ALDEBURGH
ALK,ASLCKTN,ASLOCKTON
ALM,ALNMOTH,ALNMOUTH
ALN,ALTHORN,ALTHORNE
ALO,ALLOA,ALLOA
ALP,ALTPE,ALTHORPE
ALR,ALRESFD,ALRESFORD (ESSEX)
ALS,,ALSTON
ALT,ALTRNHM,ALTRINCHAM
ALV,ALVCHRC,ALVECHURCH
ALW,ALLENSW,ALLENS WEST
ALX,ALXANDR,ALEXANDRIA
AMB,AMBERGT,AMBERGATE
AMD,AMPFLD,AMPFIELD
AMF,AMMANFD,AMMANFORD
AMI,AMIENS,AMIENS
AML,ACTONML,ACTON MAIN LINE
AMM,MNCRAMM,Abraham Moss Mtlk
AMO,MNCRAML,ASHTON MOSS METROLINK
AMR,AMERSHM,AMERSHAM LT
AMS,AMSTDAM,AMSTERDAM CS
AMT,ALDMSTN,ALDERMASTON
AMW,AMLWCH,AMLWCH
AMY,AMLY,AMBERLEY
ANC,ANCASTR,ANCASTER
AND,ANDRSTN,ANDERSTON
ANF,LYNDHRD,ASHURST NEW FOREST
ANG,ANGMRNG,ANGMERING
ANH,MNCRANC,ANCHORAGE MTLK
ANL,ANSL,ANNIESLAND GLASGOW
ANM,CATZ113,ANTRIM
ANN,ANNAN,ANNAN
ANS,AINSDAL,AINSDALE
ANZ,ANERLEY,ANERLEY
AON,ALTON,ALTON
APB,APLYBDG,APPLEY BRIDGE
APD,APDR,APPLEDORE
APF,APPLEFD,APPLEFORD
APG,ASPLEYG,ASPLEY GUISE
APN,AIRP,AIRPORT (NEWCASTLE)
APP,APBY,APPLEBY
APS,APSLEY,APSLEY
APY,APERLYB,APPERLEY BRIDGE
ARA,ARMADLE,ARMADALE (SKYE)
ARB,ARBROTH,ARBROATH
ARD,ARDGAY,ARDGAY
ARF,ALRSFRD,ALRESFORD (MID HANTS)
ARG,ARISAIG,ARISAIG
ARL,ARLSEY,ARLESEY
ARM,ARMDALE,ARMADALE
ARN,ARNSIDE,ARNSIDE
ARP,ALVCRLP,ALVECHURCH RED LION PUB
ARR,ARRAM,ARRAM
ART,ARCHRAT,ARROCHAR & TARBET
ARU,ARUNDEL,ARUNDEL
ARW,ARKW,ARKLOW
ARZ,ARUNLRD,ARUNDEL LONDON ROAD
ASB,ARDRSSB,ARDROSSAN SOUTH BEACH
ASC,ASHCHRC,ASHCHURCH
ASD,ASHYDN,ASHLEY DOWN
ASF,ASFIELD,ASHFIELD
ASG,ALSAGER,ALSAGER
ASH,ASHH,ASH
ASI,ASHFKI,ASHFORD INT (PLATS 3-4)
ASK,ASKAM,ASKAM
ASL,ASHGTN,ASHINGTON
ASM,MNCRASM,AUDENSHAW METROLINK
ASN,ADLESTN,ADDLESTONE
ASP,ASPTRIA,ASPATRIA
ASS,ALNESS,ALNESS
AST,ASTON,ASTON BIRMINGHAM
ASY,ASHLEY,ASHLEY
ATB,ATNBRO,ATTENBOROUGH
ATE,ATTRCLI,ATTERCLIFFE
ATH,ATHRSTN,ATHERSTONE
ATL,ATTLBON,ATTLEBOROUGH
ATM,,ATTYMON
ATN,ATHERTN,ATHERTON
ATO,,ATHLONE
ATR,,ATHENRY
ATS,ALTFTS,ALTOFTS
ATT,ATADALE,ATTADALE
ATW,ALTT,ALTON TOWERS
ATY,,ATHY
AUD,AUDLEYE,AUDLEY END
AUG,AGHTNPH,AUGHTON PARK
AUI,ARDLUI,ARDLUI
AUK,ACHILCK,AUCHINLECK
AUL,MNCRALM,ASHTON-UNDER-LYNE METROLINK
AUR,ABDO,ABERDOUR
AUW,ASCTUWD,ASCOTT-UNDER-WYCHWOOD
AVF,AVNCLFF,AVONCLIFF
AVI,AVIGCMT,AVIGNON
AVI,AVIGVIL,AVIGNON
AVM,AVIEMRE,AVIEMORE
AVN,AVONMTH,AVONMOUTH
AVP,AYLSPWY,AYLESBURY VALE PARKWAY
AVY,ABDVY,ABERDOVEY
AWK,ADWICK,ADWICK
AWL,MNCRAWM,ASHTON WEST METROLINK
AWM,ASHWELC,ASHWELL & MORDEN
AWP,SCARALP,ALPAMARE WATER PARK
AWT,ARMTHWT,ARMATHWAITE
AXM,AXMNSTR,AXMINSTER
AXP,ALXPD,ALEXANDRA PARADE GLASGOW
AYH,ALSHAM,AYLESHAM
AYL,AYLESFD,AYLESFORD
AYP,ALBNYPK,ALBANY PARK
AYR,AYRR,AYR
AYS,AYLSBRY,AYLESBURY
AYW,ABRYSTH,ABERYSTWYTH
BAA,BRHM,BARNHAM
BAB,BALCOMB,BALCOMBE
BAC,BACHE,BACHE
BAD,BANSTED,BANSTEAD
BAE,,BRAEMAR
BAF,BFTT,BANK FOOT
BAG,BAGSHOT,BAGSHOT
BAH,BNKHALL,BANK HALL
BAI,BLAIRHL,BLAIRHILL COATBRIDGE
BAJ,BGLAN,BAGLAN
BAK,BATRSPK,BATTERSEA PARK LONDON
BAL,BALHAM,BALHAM
BAM,BAMFORD,BAMFORD
BAN,BNBR,BANBURY
BAO,,BALLYMOTE
BAP,,BALBRIGGAN
BAQ,,BALLYCULLANE
BAR,BARELA,BARE LANE
BAS,BEREALS,BERE ALSTON
BAT,BATTLE,BATTLE
BAU,BRTHMBR,BARTON-ON-HUMBER
BAV,BARWHVN,BARROW HAVEN
BAW,BCKWATR,BLACKWATER
BAX,,BALLINA
BAY,BAYFORD,BAYFORD
BAZ,BALA,BALA
BBG,BSHB,BISHOPBRIGGS
BBK,BILBROK,BILBROOK
BBL,BATABAL,BAT & BALL
BBN,BLKB,BLACKBURN
BBR,BETTMBG,BETTEMBOURG (LUXEMBOURG)
BBS,BRDS,BIRMINGHAM BORDESLEY
BBW,BERRYB,BERRY BROW
BBY,,BALLYBROPHY
BBZ,NRHFILT,BRISTOL BRABAZON
BCB,BRSCGHB,BURSCOUGH BRIDGE
BCC,BECCLES,BECCLES
BCE,BRACKNL,BRACKNELL
BCF,BCNSFLD,BEACONSFIELD
BCG,BCHGRV,BIRCHGROVE
BCH,BCNGNOS,BIRCHINGTON-ON-SEA
BCJ,BRSCGHJ,BURSCOUGH JUNCTION
BCK,BCKY,BUCKLEY
BCN,BRNCHTN,BRANCHTON
BCR,BCSTSTN,BICESTER STNS
BCS,BCSTN,BICESTER
BCU,BKNHRST,BROCKENHURST
BCV,BRUCGRV,BRUCE GROVE
BCW,BLENCWM,BLAEENCWM
BCY,BROCKLY,BROCKLEY
BCZ,BRENTX,BRENT CROSS WEST
BDA,BRUNDAL,BRUNDALL
BDB,BRBM,BROADBOTTOM
BDC,BDICK,BRODICK (ARRAN)
BDD,BROADFO,BROADFORD
BDF,BODMNMF,BODMIN MOUNT FOLLY
BDG,BRIDGTN,BRIDGETON
BDH,BDHMPTN,BEDHAMPTON
BDI,BRADIN,BRADFORD INTERCHANGE
BDK,BALDOCK,BALDOCK
BDL,BKDLE,BIRKDALE
BDM,BEDFDM,BEDFORD MIDLAND
BDN,BRDING,BRADING
BDQ,BRADFS,BRADFORD FORSTER SQUARE
BDS,BONDST,BOND STREET EL
BDT,BRDLNGT,BRIDLINGTON
BDW,BEDYN,BEDWYN
BDY,BREDBRY,BREDBURY
BDZ,BORDON,BORDON
BEA,BGOALAN,BRIDGE OF ALLAN
BEB,BEBNGTN,BEBINGTON
BEC,BCKNHMH,BECKENHAM HILL
BED,BDNGTLA,BEDDINGTON LANE
BEE,BESTON,BEESTON
BEF,BENFLET,BENFLEET
BEG,BLTRNAB,BELTRING
BEH,BEDWRTH,BEDWORTH
BEJ,BDLNTN,BEDLINGTON
BEL,BEAULY,BEAULY
BEM,BEMPTON,BEMPTON
BEN,BNTHAM,BENTHAM
BEO,MERTBCN,BRECON BUS INTERCHANGE
BEP,BERMPRK,BERMUDA PARK
BER,BEARLEY,BEARLEY
BES,BESCRLA,BESCAR LANE
BET,BTHNLGR,BETHNAL GREEN
BEU,BLIEURD,BEAULIEU ROAD
BEV,BEVERLY,BEVERLEY
BEW,BEWDLEY,BEWDLEY S.V.R
BEX,BEXHILL,BEXHILL
BEY,BNRHYDN,BEN RHYDDING
BFA,BLFSTPT,BELFAST PORT
BFB,BELFBUS,BELFORD BUS
BFC,BLFSTCL,BELFAST LANYON PLACE
BFD,BNTFORD,BRENTFORD
BFE,BEREFRS,BERE FERRERS
BFF,BLAENAU,BLAENAU FFESTINIOG
BFL,BUCFAST,BUCKFASTLEIGH
BFN,BYFLANH,BYFLEET & NEW HAW
BFO,CATZ125,BEDFORD BR
BFP,HULLBFP,BOOTHFERRY PARK HULL
BFQ,BLFSTDQ,BELFAST BR OFF 20 DONEGALL QY
BFR,BLFR,BLACKFRIARS LONDON
BFS,CATZ131,BRADFORD BR
BGA,BRUNDLG,BRUNDALL GARDENS
BGD,BARGOED,BARGOED
BGE,BROADGR,BROAD GREEN
BGG,BRGG,BRIGG
BGH,BRHOUSE,BRIGHOUSE
BGI,BRGDDIE,BARGEDDIE
BGK,BAGMTLK,Baguley Metrolink
BGL,BUGLE,BUGLE
BGM,BELNGHM,BELLINGHAM
BGN,BRGEND,BRIDGEND
BGR,BOATOFG,BOAT OF GARTEN
BGS,BOGSTON,BOGSTON PORT GLASGOW
BGV,BARKRIV,BARKING RIVERSIDE
BGY,BLGRY,BALGRAY
BHA,BOMOHAP,Bournemouth Hurn Airport
BHC,BALLOCH,BALLOCH
BHD,BRITHDR,BRITHDIR
BHG,BTHGATE,BATHGATE
BHH,BRCHEAD,BIRCHES HEAD
BHI,BHAMINT,BIRMINGHAM INTERNATIONAL
BHK,BHILLPK,BUSH HILL PARK
BHM,BHAMNWS,BIRMINGHAM NEW STREET
BHN,,BALLYHAUNIS
BHO,BLCHSRD,BLACKHORSE ROAD
BHP,BLENHEM,BLENHEIM PALACE
BHR,BUILTHR,BUILTH ROAD
BHS,BKHLS,BROCKHOLES
BHW,BUILTWG,BUILTH WELLS GROE
BIA,BSAUKLD,BISHOP AUCKLAND
BIB,BSPSLYD,BISHOPS LYDEARD(W.SOMERSET RY)
BIC,BILERCY,BILLERICAY
BID,BDSTON,BIDSTON
BIF,BAROW,BARROW-IN-FURNESS
BIG,BILSHST,BILLINGSHURST
BIH,,BIRDHILL
BIK,BIRKBCK,BIRKBECK
BIL,BLNGHM,BILLINGHAM ON TEES
BIN,BINGHAM,BINGHAM
BIO,BALISTN,BAILLIESTON
BIP,BSSN,BISHOPSTONE
BIR,CATZ130,BIRMINGHAM BR
BIS,BSHPSFD,BISHOPS STORTFORD
BIT,BCSTRTN,BICESTER VILLAGE
BIW,BIGLSWD,BIGGLESWADE
BIY,BNGY,BINGLEY
BKA,BOOKHAM,BOOKHAM
BKC,BRKNHDC,BIRKENHEAD CENTRAL
BKD,BLAKEDN,BLAKEDOWN
BKG,BARKG1P,BARKING
BKG,BARKG7P,BARKING
BKG,BARKING,BARKING
BKH,BLKHTH,BLACKHEATH
BKI,BRKNIOM,BIRKENHEAD 12 QUAYS
BKJ,BCKNHMJ,BECKENHAM JUNCTION
BKJ,BCKNMJC,BECKENHAM JUNCTION
BKL,BICKLEY,BICKLEY
BKM,BERKHMD,BERKHAMSTED
BKN,BRKNHDN,BIRKENHEAD NORTH
BKO,BRKWOOD,BROOKWOOD
BKP,BRKNHDP,BIRKENHEAD PARK
BKQ,HAMTSQ,BIRKENHEAD HAMILTON SQUARE
BKR,BLKRDGE,BLACKRIDGE
BKS,BEKSBRN,BEKESBOURNE
BKT,BLKST,BLAKE STREET
BKV,BOWKERV,BOWKER VALE
BKW,BKSWELL,BERKSWELL
BKZ,BAKEWEL,BAKEWELL (BUXTON ROAD)
BLA,BLARATH,BLAIR ATHOLL
BLB,BTLSBDG,BATTLESBRIDGE
BLD,BAILDON,BAILDON
BLE,BRMLYSR,BRAMLEY (WEST YORKSHIRE)
BLG,BLGRVE,BELLGROVE GLASGOW
BLH,BLSHL,BELLSHILL
BLI,BYBEB,BLYTH BEBSIDE
BLK,BLRD,BLACKROD
BLL,BRDNML,BARDON MILL
BLM,BELM,BELMONT SURREY
BLN,BLNDLAC,BLUNDELLSANDS & CROSBY
BLO,BLAYDON,BLAYDON
BLP,BELPER,BELPER
BLR,,BALLATER
BLS,BSPSBUS,BISHOPS LYDEARD (BUS)
BLT,BLANTYR,BLANTYRE
BLU,BLTCHHL,BLETCHLEY HIGH LEVEL
BLV,BLLVUE,BELLE VUE
BLW,BULWELL,BULWELL
BLX,BLOXWCH,BLOXWICH
BLY,BLTCHLY,BLETCHLEY
BMA,,BALLYMENA
BMB,BMBRBDG,BAMBER BRIDGE
BMC,BRMCRSS,BROMLEY CROSS
BMD,BRIMSDN,BRIMSDOWN
BME,BROOME,BROOME
BMF,BRFT,BROOMFLEET
BMG,BARMING,BARMING
BMH,BOMO,BOURNEMOUTH
BMK,BRNAMKT,BURNHAM MARKET
BML,BMHL,BRAMHALL
BMM,BLMMTLK,Barlow Moor Road Metrolink
BMN,BROMLYN,BROMLEY NORTH
BMO,BHAMMRS,BIRMINGHAM MOOR STREET
BMP,BRMPTNC,BRAMPTON (CUMBRIA)
BMR,BRMBRK,BROMBOROUGH RAKE
BMS,BROMLYS,BROMLEY SOUTH
BMT,BDMNSTR,BEDMINSTER
BMV,BRMSGRV,BROMSGROVE
BMY,BMLY,BRAMLEY (HANTS)
BNA,BAGE,BURNAGE
BNC,BURNLYC,BURNLEY CENTRAL
BND,BNDON,BRANDON
BNE,BORNEND,BOURNE END
BNF,BRITFRY,BRITON FERRY
BNG,BANGOR,BANGOR (GWYNEDD)
BNH,BRNHRST,BARNEHURST
BNI,BNSBDGE,BARNES BRIDGE
BNJ,BONNHBF,BONN HBF
BNK,BENMTLK,Benchill Metrolink
BNL,BNHL,BARNHILL GLASGOW
BNM,BNHAM,BURNHAM
BNN,BUKNAL,BUCKNALL & NORTHWOOD
BNO,BENTMET,BENTON (METRO)
BNP,BRNSTPL,BARNSTAPLE
BNR,BRWHINS,BROCKLEY WHINS
BNS,BARNES,BARNES
BNT,BRNGTN,BRINNINGTON
BNU,,BANTEER
BNV,BANAVIE,BANAVIE
BNW,BOOTLNS,BOOTLE NEW STRAND (MERSEYSIDE)
BNX,DONCBRN,BARNSLEY INTERCHANGE
BNY,BNSLY,BARNSLEY
BOA,BRDFDOA,BRADFORD-ON-AVON
BOB,BSTBARN,BESSES O TH BARN
BOC,BOOTLE,BOOTLE (CUMBRIA)
BOD,BODMNPW,BODMIN PARKWAY
BOE,BOTLEY,BOTLEY
BOG,BOGNORR,BOGNOR REGIS
BOH,BOSHAM,BOSHAM
BOK,BRKLNDS,BROOKLANDS
BOM,BRMB,BROMBOROUGH
BON,BOLTON,BOLTON
BOO,CATZ149,BOOTLE STATIONS
BOP,BOWESPK,BOWES PARK
BOQ,,BOYLE
BOR,BODORGN,BODORGAN
BOT,BOOTLOR,BOOTLE ORIEL ROAD (MERSEYSIDE)
BOU,BOLGNEM,BOULOGNE MARITIME
BOW,BOWSTRT,BOW STREET
BOX,BORDSTJ,BORDEAUX ST JEAN
BPA,BEULYPK,BEAULIEU PARK
BPB,BLCKPB,BLACKPOOL PLEASURE BEACH
BPK,BRKMNPK,BROOKMANS PARK
BPL,BARLSOP,BARLASTON ORCHARD PLACE
BPN,BLCKPLN,BLACKPOOL NORTH
BPO,,BRIDPORT
BPS,BLCKS,BLACKPOOL SOUTH
BPT,BISHPTN,BISHOPTON
BPW,BRSTPWY,BRISTOL PARKWAY
BRA,BRORA,BRORA
BRC,BREICH,BREICH
BRD,MNCRBWY,BROADWAY MTLK
BRE,BRTWOOD,BRENTWOOD
BRF,BRIERFL,BRIERFIELD
BRG,BORWGAW,BOROUGH GREEN & WROTHAM
BRH,BORTH,BORTH
BRI,BRSTLTM,BRISTOL TEMPLE MEADS
BRJ,,BRIDGETOWN
BRK,BERWICK,BERWICK
BRL,BRRHL,BARRHILL
BRM,BRMOUTH,BARMOUTH
BRN,BSDN,BEARSDEN
BRO,BOORCHY,BRIDGE OF ORCHY
BRP,BRAMPTN,BRAMPTON
BRR,BRHD,BARRHEAD
BRS,BRLANDS,BERRYLANDS
BRT,BARLSTN,BARLASTON
BRU,BRUTON,BRUTON
BRV,BOURNVL,BOURNVILLE
BRW,BNWK,BRUNSWICK
BRX,BRIXTON,BRIXTON
BRY,BARRY,BARRY
BRZ,MNCRBRM,BURTON ROAD METROLINK
BSA,BRSTAP1,Bristol Airport A1 Bristol
BSB,BLEASBY,BLEASBY
BSC,BSCTSTA,BESCOT STADIUM
BSD,BSTD,BEARSTED
BSE,BSTEDMS,BURY ST EDMUNDS
BSG,,BALLINASLOE
BSH,BUSHEY,BUSHEY
BSI,BALMOSS,BALMOSSIE
BSJ,BESJOHN,BEDFORD ST JOHNS
BSK,BSNGSEB,BASINGSTOKE
BSK,BSNGSTK,BASINGSTOKE
BSL,BEASDAL,BEASDALE
BSM,BRANKSM,BRANKSOME
BSN,BOSTON,BOSTON
BSO,BASILDN,BASILDON
BSP,BRBYPK,BRONDESBURY PARK
BSR,BRSR,BROADSTAIRS
BSS,BARASIE,BARASSIE
BST,BSSNBUS,BISHOPSTONE (HILL RISE)
BSU,BRUSTAN,BRUNSTANE
BSV,CHORBUK,BUCKSHAW PARKWAY
BSW,BHAMSNH,BIRMINGHAM SNOW HILL
BSY,BRBY,BRONDESBURY
BTB,BNTBY,BARNETBY
BTD,BLTNODR,BOLTON-ON-DEARNE
BTE,BITERNE,BITTERNE
BTF,BOTESFD,BOTTESFORD
BTG,BGRN,BARNT GREEN
BTH,BATHSPA,BATH SPA
BTL,BATLEY,BATLEY
BTN,BRGHTN,BRIGHTON
BTO,BTCHWTH,BETCHWORTH
BTP,BRAINFP,BRAINTREE FREEPORT
BTR,BRAINTR,BRAINTREE
BTS,BISLND,BURNTISLAND
BTT,BTRSBY,BATTERSBY
BTW,BULTWLS,STRAND
BTY,BNTEY,BENTLEY
BUA,BUDESTD,BUDE (BUS)
BUB,BURNLYB,BURNLEY BARRACKS
BUC,BUCKNHM,BUCKENHAM
BUD,BNSD,BURNESIDE
BUE,BURES,BURES
BUG,BURGESH,BURGESS HILL
BUH,BROUGH,BROUGH
BUI,BRSDE,BURNSIDE
BUJ,BRTJYC,BURTON JOYCE
BUK,BKNELL,BUCKNELL
BUL,BTLRSLA,BUTLERS LANE
BUM,BOCHUM,BOCHUM HBF
BUN,BUTETWN,BUTETOWN
BUO,BURSLDN,BURSLEDON
BUR,BURY,BURY
BUS,BUSBY,BUSBY
BUT,BURTNOT,BURTON-ON-TRENT
BUU,BRNMONC,BURNHAM-ON-CROUCH
BUW,BURLYIW,BURLEY-IN-WHARFEDALE
BUX,BUXTON,BUXTON
BUY,BRLEYPK,BURLEY PARK
BUZ,BUXTMP,BUXTON (MARKET PLACE)
BVD,BELVEDR,BELVEDERE
BWB,BOWBRKH,BOW BRICKHILL
BWD,BIRCHWD,BIRCHWOOD
BWE,BRSTAP3,Bristol Airport A3 Weston
BWG,BOWLING,BOWLING DUMBARTON
BWK,BRWCKUT,BERWICK-UPON-TWEED
BWL,BLDWAS,BUILDWAS
BWN,BLOXN,BLOXWICH NORTH
BWO,BCWD,BRICKET WOOD
BWR,BOTWBUS,BOURTON-ON-THE-WATER (BUS)
BWS,BAROWOS,BARROW-UPON-SOAR
BWT,BRDGWTR,BRIDGWATER
BWY,,BROADWAY
BXB,BROXBRN,BROXBOURNE
BXD,BXTD,BUXTED
BXH,BXLYHTH,BEXLEYHEATH
BXS,BRUXMID,BRUXELLES MIDI
BXT,BRXHMTS,BRIXHAM (BUS)
BXW,BOXHAWH,BOX HILL & WESTHUMBLE
BXX,BOXHBUS,BOXHILL BURFORD BRIDGE HOTEL
BXY,BEXLEY,BEXLEY
BYA,BRNYARM,BERNEY ARMS
BYB,BLYBDGE,BLYTHE BRIDGE
BYC,BETSYCD,BETWS-Y-COED
BYD,BARRYDK,BARRY DOCKS
BYE,BYNEA,BYNEA
BYF,BRFRY,BROUGHTY FERRY
BYI,BARRYIS,BARRY ISLAND
BYK,BTLYSY,BENTLEY (S. YORKS)
BYL,BRRYLNK,BARRY LINKS
BYM,BURNMR,BURNLEY MANCHESTER ROAD
BYN,BRYN,BRYN
BYS,BRYSTNS,BRAYSTONES
BZY,BRAY,BRAY
CAA,COVAREN,COVENTRY ARENA
CAB,CBREA,CARN BREA
CAC,CLDRCRX,CALDERCRUIX
CAD,CADOXTN,CADOXTON
CAE,BRGLCAR,CARBROOK
CAF,CATZ115,CATFORD BR
CAG,CARRBDG,CARRBRIDGE
CAH,,CAHIR
CAI,CARGFS,CARDIGAN FINCHES SQUARE
CAK,CARK,CARK & CARTMEL
CAL,CALAISM,CALAIS MARITIME
CAM,CMBLEY,CAMBERLEY
CAN,CNST,CARNOUSTIE
CAO,CNCK,CANNOCK
CAP,CAPCSBC,CAPEL CURIG BRYN-LLYS
CAQ,YORKCSH,CASTLE HOWARD
CAR,CARLILE,CARLISLE
CAS,CSTL,CASTLETON (GREATER MANCHESTER)
CAT,CATERHM,CATERHAM
CAU,CAUSLND,CAUSELAND
CAW,,CARLOW
CAX,SHEFCAS,CASTLE SQUARE
CAY,CNTY,CARNTYNE GLASGOW
CAZ,DLTNCGK,CATTERICK GARRISON KEMMEL
CBB,CARBISB,CARBIS BAY
CBC,COATBDC,COATBRIDGE CENTRAL
CBD,CONONBR,CONON BRIDGE
CBE,CNTBE,CANTERBURY EAST
CBG,CAMBDGE,CAMBRIDGE
CBH,CAMHTH,CAMBRIDGE HEATH
CBK,CBRK,CRANBROOK
CBL,CMBSLNG,CAMBUSLANG
CBN,CBORNE,CAMBORNE
CBP,CBARPAR,CASTLE BAR PARK
CBR,COKSBDG,COOKSBRIDGE
CBS,COATBDS,COATBRIDGE SUNNYSIDE
CBT,CAMPBLT,CAMPBELTOWN
CBW,CNTBW,CANTERBURY WEST
CBX,CMRNBDG,CAMERON BRIDGE
CBY,CHBURY,CHARLBURY
CBZ,PBROCOR,CORBY BUS STATION
CCB,CRDFBUS,CARDIFF CENTRAL BUS STATION
CCC,CRICCTH,CRICCIETH
CCH,CHCHSTR,CHICHESTER
CCK,CATZ012,CHINNOR
CCL,CATZ114,COLCHESTER BR
CCN,,CASTLECONNELL
CCR,,CIRENCESTER
CCT,CCRT,CATHCART
CDB,CARDFBR,CARDIFF BAY
CDD,CDND,CARDENDEN
CDF,CRDFCEN,CARDIFF CENTRAL
CDI,CREDITN,CREDITON
CDN,COLSTWN,COULSDON TOWN
CDO,CDNL,CARDONALD GLASGOW
CDQ,CARDFQS,CARDIFF QUEEN STREET
CDR,CDRS,CARDROSS
CDS,COLSDNS,COULSDON SOUTH
CDT,CDCOT,CALDICOT
CDU,DURSLEY,CAM & DURSLEY
CDY,CRTSDYK,CARTSDYKE GREENOCK
CEA,CLELAND,CLELAND
CED,CHDNGTN,CHEDDINGTON
CEF,CHEF,CHAPEL-EN-LE-FRITH
CEH,COLESHL,COLESHILL PARKWAY
CEI,,COLERAINE
CEL,CHELFD,CHELFORD
CEM,MNCRCEM,Central Park Mtlk
CEN,CORWEN,CORWEN BUS STATION
CEP,CLNPWY,CALLERTON PARKWAY
CER,CERBERE,CERBERE
CES,CRESING,CRESSING
CET,CLCHRTN,COLCHESTER TOWN
CEY,CONONLY,CONONLEY
CFB,CATFBDG,CATFORD BRIDGE
CFC,SWNACFC,CORFE CASTLE
CFD,CASTLFD,CASTLEFORD CENTRAL
CFF,CFFT,CROFTFOOT
CFH,CHADHDD,CHAFFORD HUNDRED
CFL,CFLATTS,CROSSFLATTS
CFN,CLFDOWN,CLIFTON DOWN
CFO,CHLFNAL,CHALFONT & LATIMER LT
CFR,CSFD,CHANDLERS FORD
CFS,CAEFBST,CAERNARFON BUS STATION
CFT,CFPK,CROFTON PARK
CFX,,CAMELFORD
CGD,CRGDRN,CRAIGENDORAN
CGM,CTTGHM,COTTINGHAM
CGN,COGAN,COGAN
CGT,DLTNCGT,CATTERICK GARRISON TESCO
CGW,CAERGWL,CAERGWRLE
CHA,,CHARD
CHB,MNCRCHB,CLAYTON HALL METROLINK
CHC,CHRNGXG,CHARING CROSS (GLASGOW)
CHD,CHFD,CHESTERFIELD
CHE,CHEAM,CHEAM
CHF,CHFN,CHURCH FENTON
CHG,CRNG,CHARING
CHH,CHRSTSH,CHRIST'S HOSPITAL WEST HORSHAM
CHI,CHINGFD,CHINGFORD
CHJ,,CHARLEVILLE
CHK,CHISWCK,CHISWICK
CHL,CHLWTH,CHILWORTH
CHM,CHLMSFD,CHELMSFORD
CHN,CHESHNT,CHESHUNT
CHO,CHOLSEY,CHOLSEY
CHP,CHSD,CHIPSTEAD
CHR,CHRISTC,CHRISTCHURCH
CHS,CHUSTON,CHURSTON (T&D RLY)
CHT,CHHL,CHATHILL
CHU,CHDH,CHEADLE HULME
CHV,CLVMEZR,CHARLEVILLE-MEZIERES
CHW,CHLKWEL,CHALKWELL
CHX,CHRX,CHARING CROSS LONDON
CHY,CHTSEY,CHERTSEY
CHZ,,CHATSWORTH HOUSE
CIC,CIVI,CIVIC CENTRE
CIL,CLMN,CHILHAM
CIM,CILMERY,CILMERI
CIN,SHEFCIR,CRICKET INN ROAD
CIR,CLDNNRB,CALEDONIAN ROAD & BARNSBURY
CIT,CHSLHRS,CHISLEHURST
CKA,,CARRICK-ON-SHANNON
CKH,CKHL,CORKERHILL GLASGOW
CKL,CRCK,CORKICKLE
CKN,CRKRN,CREWKERNE
CKS,CLRKSTN,CLARKSTON
CKT,CROKSTN,CROOKSTON GLASGOW
CKU,CARICOS,CARRICK - ON - SUIR
CKY,CRSKEYS,CROSSKEYS
CLA,CLANDON,CLANDON
CLB,,CASTLEBAR
CLC,CCARY,CASTLE CARY
CLD,CHLSFLD,CHELSFIELD
CLE,CLTHRPS,CLEETHORPES
CLG,CLYGATE,CLAYGATE
CLH,CLITHRO,CLITHEROE
CLI,CLTN,CLIFTON
CLJ,CLPHMJ1,CLAPHAM JUNCTION LONDON
CLJ,CLPHMJC,CLAPHAM JUNCTION LONDON
CLJ,CLPHMJM,CLAPHAM JUNCTION LONDON
CLJ,CLPHMJN,CLAPHAM JUNCTION LONDON
CLJ,CLPHMJW,CLAPHAM JUNCTION LONDON
CLK,CLOCKHS,CLOCK HOUSE
CLL,CTNG,COLLINGTON
CLM,CLHM,COLLINGHAM
CLN,CHPLTWN,CHAPELTOWN
CLO,COLL,COLL (ISLE OF)
CLP,CLPHHS,CLAPHAM HIGH STREET
CLQ,,CLARA
CLR,CLARBRD,CLARBESTON ROAD
CLS,CLST,CHESTER-LE-STREET
CLT,CLACTON,CLACTON-ON-SEA
CLU,CRLK,CARLUKE
CLV,CLAVRDN,CLAVERDON
CLW,CHRW,CHORLEYWOOD LT
CLX,CLONMEL,CLONMEL
CLY,CHNLY,CHINLEY
CLZ,,CLOUGHJORDON
CMA,CMBESEA,COMBE MARTIN (BUS)
CMB,CAMBNTH,CAMBRIDGE NORTH
CMC,CHAMCLE,CHAMBERY CHALLES LES EAUX
CMD,CMDNRD,CAMDEN ROAD LONDON
CME,COMBE,COMBE
CMF,CROMFD,CROMFORD
CMH,CMBH,CWMBACH
CMI,,CLAREMORRIS
CMK,CSAMTLK,Crossacres Metrolink
CML,CARMYLE,CARMYLE
CMN,CMTHN,CARMARTHEN
CMO,CAMELON,CAMELON
CMR,CMER,CROMER
CMS,CAMBSTH,CAMBRIDGE SOUTH
CMT,,CHARMOUTH (BUS LOCATION)
CMY,CRSMYLF,CROSSMYLOOF GLASGOW
CNA,CANNA,CANNA (ISLE OF CANNA)
CNE,COLNE,COLNE
CNF,CRNF,CARNFORTH
CNG,CONGLTN,CONGLETON
CNK,MNCRCHM,Chortlton Mtlk
CNL,CANLEY,CANLEY
CNM,CHLTNHM,CHELTENHAM SPA
CNN,CNNB,CANONBURY
CNO,CHETNOL,CHETNOLE
CNP,BRKNCPK,CONWAY PARK
CNR,CRNLRCH,CRIANLARICH
CNS,CONBRGH,CONISBROUGH
CNW,CONWY,CONWY
CNY,CNTLEY,CANTLEY
COA,COATDYK,COATDYKE
COB,CODNBCH,COODEN BEACH
COC,COWDBUS,COWDEN CROSSROADS
COE,COOMBE,COOMBE (CORNWALL)
COF,CORKRNG,CORK RINGASKIDDY FERRYPORT
COH,CBGH,CROWBOROUGH
COI,CROSSHL,CROSSHILL GLASGOW
COK,CORK,CORK
COL,CLCHSTR,COLCHESTER
COM,COMONDL,COMMONDALE
CON,CONNELF,CONNEL FERRY
COO,COOKHAM,COOKHAM
COP,COPLSTN,COPPLESTONE
COQ,,COBH
COR,CORBY,CORBY
COS,COSFORD,COSFORD
COT,COTNGLY,COTTINGLEY
COU,,COLLOONEY
COV,COVNTRY,COVENTRY
COW,CWDNBTH,COWDENBEATH
COX,KESWCOK,COCKERMOUTH (MAIN STREET)
COY,CORYTON,CORYTON
COZ,MNCRCBK,CORNBROOK MTLK
CPA,CORPACH,CORPACH
CPB,CAPLBAN,CAPEL BANGOR
CPG,CHNOBUS,CHIPPING NORTON (BUS)
CPH,CRPHLY,CAERPHILLY
CPK,CRPNDPK,CARPENDERS PARK
CPM,CHIPNHM,CHIPPENHAM
CPN,CHAPLTN,CHAPELTON DEVON
CPS,COWPBUS,COWPLAIN SHOPS
CPT,CLAPTON,CLAPTON
CPU,CPNHRST,CAPENHURST
CPW,CHEPSTW,CHEPSTOW
CPY,CLPM,CLAPHAM (NORTH YORKSHIRE)
CRA,CRADLYH,CRADLEY HEATH
CRB,CRBG,CORBRIDGE
CRC,CHLTRAC,CHELTENHAM RACECOURSE
CRD,CHSRD,CHESTER ROAD
CRE,CREWE,CREWE
CRF,CARFIN,CARFIN
CRG,CSGT,CROSS GATES YORKS
CRH,CROUCHH,CROUCH HILL
CRI,CRKLWD,CRICKLEWOOD
CRJ,CRUMPSL,CRUMPSALL
CRK,CHIRK,CHIRK
CRL,CHORLEY,CHORLEY
CRM,CRMLNGT,CRAMLINGTON
CRN,CRWTHRN,CROWTHORNE
CRO,CROY,CROY
CRP,CNRYNP,CAIRNRYAN (LOCH RYAN PORT)
CRQ,MNCRCRM,CEMETARY ROAD METROLINK
CRR,CORROUR,CORROUR
CRS,CRSTRS,CARSTAIRS
CRT,CHARTHM,CHARTHAM
CRU,CRGURE,CRAIGNURE (ISLE OF MULL)
CRV,CRAVENA,CRAVEN ARMS
CRW,CRAWLEY,CRAWLEY
CRX,CRXLYG,CROXLEY GREEN
CRY,CRFD,CRAYFORD
CRZ,,CRICKLADE
CSA,COSHAM,COSHAM
CSB,CRSHLTB,CARSHALTON BEECHES
CSD,CBHMSDA,COBHAM AND STOKE D'ABERNON
CSE,,CASTLEREA
CSG,CRSNGTN,CRESSINGTON
CSH,CRSHLTN,CARSHALTON
CSK,CALSTCK,CALSTOCK
CSL,CODSALL,CODSALL
CSM,CTNM,CASTLETON MOOR
CSN,CHSSN,CHESSINGTON NORTH
CSO,CROT,CROSTON
CSQ,CAEUSQU,CAERAU SQUARE (BUS STOP)
CSR,CHASNRD,CHASSEN ROAD
CSS,CHSSS,CHESSINGTON SOUTH
CST,CANONST,CANNON STREET LONDON
CSW,CHSW,CHESTFIELD & SWALECLIFFE
CSY,COSELEY,COSELEY
CTB,CSBY,CASTLEBAY (BARRA)
CTE,CHTLRT,CHATELHERAULT
CTF,CATFORD,CATFORD
CTH,CHDWLHT,CHADWELL HEATH
CTK,CTMSLNK,CITY THAMESLINK
CTL,CATTAL,CATTAL
CTM,CHATHAM,CHATHAM
CTN,CRLN,CHARLTON
CTO,CRTN,CARLTON
CTR,CHST,CHESTER
CTT,CSTR,CHURCH STRETTON
CTW,CHOS,CHURCH & OSWALDTWISTLE
CTY,CATZ132,CANTERBURY BR
CUA,CULRAIN,CULRAIN
CUB,CMBRNLD,CUMBERNAULD
CUD,CUDNGTN,CUDDINGTON
CUF,CUFFLEY,CUFFLEY
CUH,CURRIEH,CURRIEHILL
CUL,CUMBRAE,CUMBRAE (ISLE OF)
CUM,CULHAM,CULHAM
CUP,CUPAR,CUPAR
CUS,CUSTMHS,CUSTOM HOUSE EL
CUW,CLYNDRW,CLUNDERWEN
CUX,CXTN,CUXTON
CVG,CHBUVIL,CHARLBURY NINE ACRES LANE
CWB,CBAY,COLWYN BAY
CWC,CHPWKSC,CHAPPEL & WAKES COLNE
CWD,CRWLL,CRESWELL (DERBYS)
CWE,CROWLE,CROWLE
CWH,CRHL,CREWS HILL
CWL,CLWALL,COLWALL
CWM,CWMBRAN,CWMBRAN
CWN,COWDEN,COWDEN
CWS,CARSWS,CAERSWS
CWU,CRWHRST,CROWHURST
CWX,CANWHRF,CANARY WHARF EL
CYA,COLONSY,COLONSAY (ISLE OF)
CYB,CEFNYBD,CEFN-Y-BEDD
CYD,CATZ147,CROYDON BR
CYH,CHRYHNT,CHERRY HINTON
CYK,CLYBANK,CLYDEBANK CENTRAL
CYN,CYNGHRD,CYNGHORDY
CYP,CRYSTLP,CRYSTAL PALACE
CYS,CATHAYS,CARDIFF CATHAYS
CYT,CHTR,CHERRY TREE
DAG,DALGETY,DALGETY BAY
DAK,DLMRNOK,DALMARNOCK
DAL,DLMALLY,DALMALLY
DAM,DLMY,DALMENY
DAN,DARNALL,DARNALL
DAR,DLTN,DARLINGTON
DAS,DRLSTN,DARLASTON
DAT,DATCHET,DATCHET
DAW,,DAWSHOLM
DAX,DAXX,DAX
DBB,DOBSBRW,DOBBS BROW
DBC,DMBRTNC,DUMBARTON CENTRAL
DBD,DNDL,DENBY DALE
DBE,DMBRTNE,DUMBARTON EAST
DBG,MOTFONT,DUNBRIDGE
DBL,DUNANE,DUNBLANE
DBP,,DUBLIN PEARSE
DBR,DERBYRD,DERBY ROAD IPSWICH
DBY,DRBY,DERBY
DBZ,,DERBY TELESALES
DCG,DUNCRAG,DUNCRAIG HALT
DCH,DRCHS,DORCHESTER SOUTH
DCL,DUBLINC,DUBLIN CONNOLLY
DCT,DANESCT,DANESCOURT
DCW,DRCHW,DORCHESTER WEST
DDB,DUNLHRM,DUN LAOGHAIRE MALIN
DDG,DORIDGE,DORRIDGE
DDK,DGNHMDC,DAGENHAM DOCK
DDP,DUDLPT,DUDLEY PORT
DEA,DEAL,DEAL
DEB,PBRODMP,DEREHAM (MARKET PLACE)BUS
DED,DOVERED,DOVER EAST DOCKS
DEE,DUNDETB,DUNDEE
DEN,DEAN,DEAN
DEP,DEPTFD,DEPTFORD
DEW,DWBY,DEWSBURY
DFD,DARTFD,DARTFORD
DFE,DNFRMLE,DUNFERMLINE CITY
DFI,DUFIELD,DUFFIELD
DFL,DNFRMQM,DUNFERMLINE QUEEN MARGARET
DFP,DUBLINF,DUBLIN FERRYPORT
DFR,DRMFCHR,DRUMFROCHAR
DFZ,DONCDSR,DARFIELD SALTERSBROOK ROAD
DGC,DENHMGC,DENHAM GOLF CLUB
DGL,DGLROAD,DINGLE ROAD
DGS,DOUGLAS,DOUGLAS (I.O.M.)
DGT,MNCRDGT,DEANSGATE
DGY,DEGANWY,DEGANWY
DHC,,DEN HAAG CS
DHM,DRHM,DURHAM
DHN,DEIGHTN,DEIGHTON
DHS,DNHAAG,DEN HAAG HS
DHT,DUBLINH,DUBLIN HEUSTON
DID,DIDCOTP,DIDCOT PARKWAY
DIE,DIEPPE,DIEPPE
DIG,DIGBY,DIGBY AND SOWTON
DIJ,,DIJON VILLE
DIN,DINGMLC,DINGWALL
DIN,DINGWAL,DINGWALL
DIS,DISS,DISS
DKD,DUNKELD,DUNKELD & BIRNAM
DKG,DORKING,DORKING
DKR,DERKER,DERKER
DKT,DRKGW,DORKING WEST
DLE,DULOE,DULOE (CAUSELAND)
DLG,DOLGARG,DOLGARROG
DLH,DOLEHAM,DOLEHAM
DLJ,DALS,DALSTON JUNCTION
DLK,DALSKLD,DALSTON KINGSLAND
DLM,DELAMER,DELAMERE
DLO,DUNLGHR,DUN LOAGHAIRE
DLR,DLREOCH,DALREOCH
DLS,DALSTON,DALSTON
DLT,DALTON,DALTON
DLW,DALWHIN,DALWHINNIE
DLY,DALRY,DALRY
DMC,DRMCHPL,DRUMCHAPEL GLASGOW
DMD,,DROMOD
DMF,DUMFRES,DUMFRIES
DMG,DINASR,DINAS (MID GLAMORGAN)
DMH,DILTONM,DILTON MARSH
DMK,DENMRKH,DENMARK HILL LONDON
DML,MNCRDML,DROYLSDEN METROLINK
DMP,DUMPTNP,DUMPTON PARK
DMR,DALMUIR,DALMUIR
DMS,DORMANS,DORMANS
DMY,DRUMRY,DRUMRY
DND,DINSDAL,DINSDALE
DNG,DTNG,DUNTON GREEN
DNL,DNLP,DUNLOP
DNM,DENHAM,DENHAM
DNN,MNCRDLN,DEAN LANE
DNO,DNROBIN,DUNROBIN CASTLE
DNS,DINASP,DINAS POWYS
DNT,DENT,DENT
DNY,DANBY,DANBY
DOC,DOCKYDP,DOCKYARD
DOD,DODWRTH,DODWORTH
DOE,ABLCXX,DOLE
DOG,DOGLELS,DOLGELLAU ELDON SQUARE
DOL,DOLAU,DOLAU
DON,DONC,DONCASTER
DOR,DORE,DORE
DOT,DNSN,DUNSTON
DOW,DOWNHAM,DOWNHAM MARKET
DOZ,DONCNBS,DONCASTER INTERCHANGE
DPD,DEPDENE,DEEPDENE
DPS,DUBLFST,DUBLIN PORT - STENA
DPT,DEVNPRT,DEVONPORT
DRA,,DROGHEDA
DRC,CATZ133,DORCHESTER BR
DRD,DNRD,DANE ROAD
DRF,DRIFILD,DRIFFIELD
DRG,DRAYGRN,DRAYTON GREEN
DRI,DRIGG,DRIGG
DRK,CATZ129,DORKING BR
DRM,DREMJ,DREM
DRN,DUIRNSH,DUIRINISH
DRO,DRONFLD,DRONFIELD
DRT,DRTN,DARTON
DRU,DRMGLCH,DRUMGELLOCH
DRY,DYMANOR,DRAYTON MANOR PARK
DSL,DISLEY,DISLEY
DSM,DARSHAM,DARSHAM
DST,DUKEST,DUKE STREET GLASGOW
DSY,DAISYH,DAISY HILL
DTG,DNTG,DINTING
DTM,DORTMND,DORTMUND HBF
DTN,DNTON,DENTON
DTW,DRTWCHS,DROITWICH SPA
DUD,DUDESTN,DUDDESTON
DUE,DUNDWTC,DUNDEE WEST
DUI,DUISBRG,DUISBURG HBF
DUK,,DUNDALK
DUL,DULNGHM,DULLINGHAM
DUM,DUMBRCK,DUMBRECK
DUN,DUNBAR,DUNBAR
DUO,DUNOON,DUNOON
DUR,DRNGTOS,DURRINGTON-ON-SEA
DUS,DUSSDRF,DUESSELDORF HBF
DUT,DUFTOWN,DUFFTOWN
DUU,DUNS,DUNS BUS STOP
DVB,DEVLSBG,DEVIL'S BRIDGE
DVC,DOVRCRT,DOVERCOURT
DVH,DVHL,DOVE HOLES
DVM,MNCRDVM,DIDSBURY VILLAGE METROLINK
DVN,DAVNPRT,DAVENPORT
DVP,DOVERP,DOVER PRIORY
DVR,,DAVENTRY
DVY,DOVYJN,DOVEY JUNCTION
DWD,DLWYDLN,DOLWYDDELAN
DWI,,DOVER W. DKS INTL
DWL,DAWLISH,DAWLISH
DWN,DARWEN,DARWEN
DWW,DAWLSHW,DAWLISH WARREN
DYC,DYCE,DYCE
DYF,DYFRYNA,DYFFRYN ARDUDWY
DYP,DRYP,DRAYTON PARK
DZY,DANZEY,DANZEY
EAD,ERLFLD,EARLSFIELD
EAG,EGLSCLF,EAGLESCLIFFE
EAL,EALINGB,EALING BROADWAY
EAR,ERLY,EARLEY
EAS,ELSN,EARLSTON BUS STOP
EBA,EUXT,EUXTON BALSHAW LANE
EBB,EBWVTN,EBBW VALE
EBD,EBSFDOM,EBBSFLEET INTERNATIONAL
EBF,EBSFLTI,EBBSFLEET
EBK,EASTBRK,EASTBROOK
EBL,EBOLDON,EAST BOLDON
EBN,EBOURNE,EASTBOURNE
EBR,EDNB,EDENBRIDGE
EBS,EDINBUS,EDINBURGH BUS STATION
EBT,EDNT,EDENBRIDGE TOWN
EBV,EBWVPWY,EBBW VALE PARKWAY
ECC,ECCLES,ECCLES
ECL,ECPK,ECCLESTON PARK
ECM,MNCRECC,ECCLES MTLK
ECP,ERGNCHP,ENERGLYN & CHURCHILL PARK
ECR,ECROYDN,EAST CROYDON
ECS,ECLR,ECCLES ROAD
ECW,COWESE,EAST COWES
EDA,EDINAIR,Edinburgh Airport
EDB,EDINBUR,EDINBURGH
EDE,CATZ116,EDENBRIDGE BR
EDG,EDGH,EDGE HILL LIVERPOOL
EDL,EDALE,EDALE
EDM,MNCREDM,EAST DIDSBURY METROLINK
EDN,EDPK,EDEN PARK
EDP,EDINPRK,EDINBURGH PARK
EDR,EDMNGRN,EDMONTON GREEN
EDS,EDGNSWL,EDGINSWELL
EDW,EDULWCH,EAST DULWICH
EDY,EDIDBRY,EAST DIDSBURY
EDZ,YORKECP,EDEN CAMP
EFD,,ENFIELD (IRELAND)
EFF,EFNGHMJ,EFFINGHAM JUNCTION
EFI,CATZ119,ENFIELD BR
EFL,EFARLGH,EAST FARLEIGH
EGF,EGRFRTH,EAST GARFORTH
EGG,EGGESFD,EGGESFORD
EGH,EGHAM,EGHAM
EGN,ESTRNGT,EASTRINGTON
EGR,EGRNSTD,EAST GRINSTEAD
EGT,EGTON,EGTON
EGY,EDINGWY,EDINBURGH GATEWAY
EHC,MNCRECM,ETIHAD CAMPUS METROLINK
EIG,EIGG,EIGG (ISLE OF)
EKB,ESKBANK,ESKBANK
EKL,EKILBRD,EAST KILBRIDE
EKR,CATZ010,EYTHORNE (EAST KENT RAILWAY)
ELD,EARLSWD,EARLSWOOD (SURREY)
ELE,ELMERSE,ELMERS END
ELG,ELGIN,ELGIN
ELM,MNCRELM,EDGE LANE METROLINK
ELN,ELLAND,ELLAND
ELO,ELTON,ELTON & ORSTON
ELP,ELSMPRT,ELLESMERE PORT
ELR,ELSC,ELSECAR
ELS,ELTR,ELSTREE
ELT,ELINTN,EAST LINTON
ELW,ELTHAM,ELTHAM
ELY,ELYY,ELY(CAMB)
EMA,EMPKAIR,EAST MIDLANDS AIRPORT (BUS)
EMD,EMPKWAY,EAST MIDLANDS PARKWAY
EML,EMALING,EAST MALLING
EMP,EMRSPKH,EMERSON PARK
EMS,EMSWTH,EMSWORTH
ENC,ENFC,ENFIELD CHASE
END,ENDON,ENDON
ENF,ENFLDTN,ENFIELD TOWN
ENL,ENFLDLK,ENFIELD LOCK
ENN,,ENNIS
ENS,ENISCTY,ENNISCORTHY
ENT,ENTWISL,ENTWISTLE
EPD,EPSDNS,EPSOM DOWNS
EPH,ELPHNAC,ELEPHANT & CASTLE
EPS,EPSM,EPSOM
ERA,ESTHRAK,EASTHAM RAKE
ERB,ERIDBUS,ERIDGE (A26 BUS STOP)
ERD,ERDNGTN,ERDINGTON
ERH,ERITH,ERITH
ERI,ERIDGE,ERIDGE
ERL,ERLSTWN,EARLESTOWN
ERS,,EPS HOUSE UAT
ESD,ELMW,ELMSTEAD WOODS
ESH,ESHER,ESHER
ESL,ELGH,EASTLEIGH
ESM,ELSENHM,ELSENHAM
ESS,ESSNHBF,ESSEN HBF
EST,ESHS,EASTERHOUSE
ESW,ELMSWEL,ELMSWELL
ETC,ETCHNGM,ETCHINGHAM
ETL,ETILBRY,EAST TILBURY
EUS,EUSTON,EUSTON LONDON
EVE,EVESHAM,EVESHAM
EWD,ELWD,EARLSWOOD (WEST MIDLANDS)
EWE,EWELLE,EWELL EAST
EWR,EWRTHNG,EAST WORTHING
EWW,EWELW,EWELL WEST
EXC,EXETERC,EXETER CENTRAL
EXD,EXETRSD,EXETER ST DAVIDS
EXG,EXHIBTC,EXHIBITION CENTRE GLASGOW
EXM,EXMOUTH,EXMOUTH
EXN,EXTON,EXTON
EXQ,MNCREQY,EXCHANGE QUAY MTLK
EXR,ESSEXRD,ESSEX RD
EXT,EXETRST,EXETER ST THOMAS
EYM,EYNMSHC,EYNSHAM
EYN,EYNSFD,EYNSFORD
FAL,FALMTHD,FALMOUTH DOCKS
FAR,,FARRANFORE
FAV,FAVRSHM,FAVERSHAM
FAW,FAWW,FAWDON
FAX,,FARINGDON (OXON)
FAZ,FAZKRLY,FAZAKERLEY LIVERPOOL
FBO,CATZ117,FARNBOROUGH BR
FBY,FORMBY,FORMBY
FCN,FALCNWD,FALCONWOOD
FDX,FRNDXR,FARRINGDON EL
FEA,FTHRSTN,FEATHERSTONE
FED,FERDALE,FERNDALE
FEG,FELL,FELLGATE
FEL,FELTHAM,FELTHAM
FEN,FSTR,FENNY STRATFORD
FER,FERNHIL,FERNHILL
FFA,FFAIRFC,FFAIRFACH
FFD,FRESHFD,FRESHFORD
FGH,FGDHBR,FISHGUARD HARBOUR
FGT,FAYGATE,FAYGATE
FGW,FGDHGWK,FISHGUARD AND GOODWICK
FGY,FINNGLY,FINNINGLEY
FHM,MNCRFHM,FREEHOLD METROLINK
FIL,FILEY,FILEY
FIN,FINSTCK,FINSTOCK
FIT,FILTNEW,FILTON ABBEYWOOD
FIZ,SHEFFIT,FITZALAN SQUARE
FKC,FLKSTNC,FOLKESTONE CENTRAL
FKE,FLKSTNE,FOLKSTONE EAST
FKG,FALKRKG,FALKIRK GRAHAMSTON
FKK,FALKRKH,FALKIRK HIGH
FKW,FLKSTNW,FOLKESTONE WEST
FLD,FAULDHS,FAULDHOUSE
FLE,FLEET,FLEET
FLF,FLWRYFD,FLOWERY FIELD
FLG,FELNG,FELLING
FLI,FLIXTON,FLIXTON
FLK,CATZ134,FALKIRK BR
FLM,FLIMBY,FLIMBY
FLN,FLINT,FLINT
FLS,FALSWTH,FAILSWORTH
FLT,FLITWCK,FLITWICK
FLW,FULWELL,FULWELL
FLX,FLXSTOW,FELIXSTOWE
FLZ,YORKFLM,FLAMINGO LAND
FMA,FENTON,FENTON MANOR
FML,FRIMLEY,FRIMLEY
FMR,FAMR,FALMER
FMT,FALMTHT,FALMOUTH TOWN
FNB,FRBRMN,FARNBOROUGH (MAIN)
FNC,FRNCMB,FARNCOMBE
FNH,FARNHAM,FARNHAM
FNI,NIMES,FRANCE-NIMES
FNN,FRBRNTH,FARNBOROUGH NORTH
FNR,FRNNGRD,FARNINGHAM ROAD
FNT,FENITON,FENITON
FNV,FURNESV,FURNESS VALE
FNW,FRNW,FARNWORTH
FNY,FNCHLYR,FINCHLEY ROAD & FROGNAL
FOB,FORBACH,FORBACH
FOC,FLSCRHN,FALLS OF CRUACHAN
FOD,FORD,FORD
FOG,FRSTGT,FOREST GATE
FOH,FORESTH,FOREST HILL
FOK,FOUROKS,FOUR OAKS
FOL,CATZ135,FOLKESTONE BR
FOR,FORRES,FORRES
FOT,,FOTA
FOX,FOXFILD,FOXFIELD
FPK,FNPK,FINSBURY PARK LONDON
FRA,FRNKFRT,FRANKFURT (MAIN) HBF
FRB,FRBN,FAIRBOURNE
FRD,FRDSHM,FRODSHAM
FRE,FRSHFLD,FRESHFIELD
FRF,FRFD,FAIRFIELD
FRH,CALAFGV,FRETHUN
FRI,FRINTON,FRINTON-ON-SEA
FRL,FAIRLIE,FAIRLIE
FRM,FAREHAM,FAREHAM
FRN,FEARN,FEARN
FRO,FROME,FROME
FRR,FROSTLY,FROSTERLEY
FRS,FORSNRD,FORSINARD
FRT,FRANT,FRANT
FRW,FRWATER,FAIRWATER
FRY,FERRIBY,FERRIBY
FSB,FSHBORN,FISHBOURNE
FSG,FSHRSGT,FISHERSGATE
FSK,FISKRTN,FISKERTON
FST,FENCHRS,FENCHURCH STREET LONDON
FTM,FRTMTLD,FORT MATILDA
FTN,FRATTON,FRATTON PORTSMOUTH
FTW,FRTWLM,FORT WILLIAM
FWN,MNCRFWM,Firswood Mtlk
FWY,FIVEWYS,FIVE WAYS
FXF,,FOXFORD (IRELAND)
FXN,FOXTON,FOXTON
FYS,FYSD,FERRYSIDE
FZH,FRZNGHL,FRIZINGHALL
FZP,FURZEP,FURZE PLATT
FZW,FITZWLM,FITZWILLIAM
GAI,CATZ128,GAINSBOROUGH BR
GAL,GALASLS,GALASHIELS
GAR,GARROWH,GARROWHILL
GAS,GSTT,GATESHEAD STADIUM
GAT,GHDD,GATESHEAD
GBD,GLBRDYK,GILBERDYKE
GBG,GOREBRG,GOREBRIDGE
GBK,GBNK,GREENBANK
GBL,GBGHLRD,GAINSBOROUGH LEA ROAD
GBS,GORNGBS,GORING-BY-SEA
GCH,GRLCHHD,GARELOCHHEAD
GCL,GLGCLL,GLASGOW CENTRAL LOW LEVEL
GCR,GLOSTER,GLOUCESTER
GCT,GTCOATS,GREAT COATES
GCW,GLNCNWY,GLAN CONWY
GDE,GODLEYE,GODLEY EAST
GDH,GORDONH,GORDON HILL
GDL,GODLY,GODLEY
GDN,GODSTON,GODSTONE
GDP,GIDEAPK,GIDEA PARK
GEA,GRETGRN,GRETNA GREEN
GER,GERRDSX,GERRARDS CROSS
GFD,GFORD,GREENFORD
GFF,GLFCHFR,GILFACH FARGOED HALT
GFN,GIFNOCK,GIFFNOCK
GFY,CATZ072,GRAVESEND FERRY TERMINAL
GGJ,GRGMASJ,GEORGEMAS JUNCTION
GGL,GORBALS,GORBALS GLASGOW
GGM,GRNGMTH,GRANGEMOUTH
GGT,GLGAPT,GLASGOW AIRPORT
GGV,GRGRAVE,GARGRAVE
GIG,GGLSWCK,GIGGLESWICK
GIL,GLHM,GILLINGHAM (DORSET)
GIP,GIPSYH,GIPSY HILL
GIR,GIRVAN,GIRVAN
GKC,GRENCKC,GREENOCK CENTRAL
GKW,GRENCKW,GREENOCK WEST
GLC,GLGC,GLASGOW CENTRAL
GLD,GUILDFD,GUILDFORD
GLE,GLNEGLS,GLENEAGLES
GLF,GLNFNNN,GLENFINNAN
GLG,GLGN,GLENGARNOCK
GLH,GLASHTN,GLASSHOUGHTON
GLM,GLNGHMK,GILLINGHAM (KENT)
GLO,GLSP,GLOSSOP
GLQ,GLGQHL,GLASGOW QUEEN STREET
GLR,GLANRFN,GLANRAFON
GLS,GLAISDL,GLAISDALE
GLT,GLNRTHS,GLENROTHES WITH THORNTON
GLW,CATZ136,GLASGOW BR
GLY,GLYNDE,GLYNDE
GLZ,GLAZBRK,GLAZEBROOK
GMB,GRMSBYT,GRIMSBY TOWN
GMD,GRMSBYD,GRIMSBY DOCKS
GMG,GRTHMG,GARTH MID GLAMORGAN
GMN,GTMSNDN,GREAT MISSENDEN
GMT,GROSMNT,GROSMONT
GMV,GTMLVRN,GREAT MALVERN
GMY,GODMAYS,GOODMAYES
GNB,GBROC,GAINSBOROUGH CENTRAL
GNF,GFLD,GREENFIELD
GNH,GNHT,GREENHITHE
GNL,GNLN,GREEN LANE BIRKENHEAD
GNR,GREENRD,GREEN ROAD
GNT,GUNTON,GUNTON
GNW,GNWH,GREENWICH
GOB,GOBOWEN,GOBOWEN
GOD,GDLMING,GODALMING
GOE,GLDTHRP,GOLDTHORPE
GOF,GOLFSTR,GOLF STREET CARNOUSTIE
GOL,GOLSPIE,GOLSPIE
GOM,GOMSHAL,GOMSHALL
GOO,GOOLE,GOOLE
GOP,GOSTBUS,GOSPORT BUS
GOR,GORASTR,GORING & STREATLEY
GOS,GOVS,GRANGE-OVER-SANDS
GOX,GOXHILL,GOXHILL
GOY,,GOREY
GOZ,DONCGPS,GOLDTHORPE POLICE STATION
GPK,GRPK,GRANGE PARK
GPO,GOSPLOK,GOSPEL OAK
GQL,GLGQLL,GLASGOW QUEEN ST L.L.
GRA,GTHM,GRANTHAM
GRB,GTBNTLY,GREAT BENTLEY
GRC,GTCHSFD,GREAT CHESTERFORD
GRF,GARFRTH,GARFORTH
GRH,GRTCSH,GARTCOSH
GRK,GOUROCK,GOUROCK
GRL,GRNFLDS,GREENFAULDS
GRM,GRSTM,GARSTON (MERSEYSIDE)
GRN,GRNDLFD,GRINDLEFORD
GRO,GROMBDG,GROOMBRIDGE
GRP,GRVPK,GROVE PARK
GRS,GSCD,GARSCADDEN GLASGOW
GRT,GRATELY,GRATELEY
GRV,GRVSEND,GRAVESEND CENTRAL
GRY,GRAYS,GRAYS
GSB,GUISBHB,GUISBOROUGH BUS LINK
GSC,LAMBH,GILSHOCHILL
GSD,GARSDLE,GARSDALE
GSL,GUNISLK,GUNNISLAKE
GSN,GRSTH,GARSTON (HERTFORDSHIRE)
GSO,,GREYSTONES
GSP,,GRANTOWN-ON-SPEY
GST,GATHRST,GATHURST
GSW,GARW,GARSWOOD
GSY,GUISELY,GUISELEY
GTA,GTAYTON,GREAT AYTON
GTG,,GREAT TORRINGTON (NON BR)
GTH,GARTH,GARTH POWYS
GTN,GNTN,GRANGETOWN (SOUTH GLAMORGAN)
GTO,GORTON,GORTON
GTR,GOOSTRY,GOOSTREY
GTW,GTWK,GATWICK AIRPORT
GTY,GATLEY,GATLEY
GUD,GOODSND,GOODRINGTON SANDS (T&D RLY)
GUI,GIDB,GUIDE BRIDGE
GUN,GNRSBRY,GUNNERSBURY
GUS,STPETRP,GUERNSEY
GVE,GARVE,GARVE
GVH,GRAVLYH,GRAVELLY HILL
GWE,GWRSYLT,GWERSYLLT
GWN,GOWERTN,GOWERTON
GWY,GALWAY,GALWAY
GXX,,GOUROCK PIER (ENGOPS)
GYM,YARMTH,GREAT YARMOUTH
GYP,GYPSYLA,GYPSY LANE
HAB,HABRJN,HABROUGH
HAB,HABRO,HABROUGH
HAC,HAKNYNM,HACKNEY DOWNS
HAD,HADISCO,HADDISCOE
HAF,HTRWTM4,HEATHROW EXP 4
HAG,HAGLEY,HAGLEY
HAI,HALG,HALLING
HAL,HALE,HALE
HAM,HMWTHY,HAMWORTHY
HAN,HANWELL,HANWELL
HAP,HFLPEVL,HATFIELD PEVEREL
HAR,SWNAHMC,HARMAN'S CROSS (SWANAGE R)
HAS,HALSWTH,HALESWORTH
HAT,HATFILD,HATFIELD
HAV,HAVANT,HAVANT
HAY,HAYESAH,HAYES & HARLINGTON
HAZ,HAZL,HAZEL GROVE
HBB,HBRTBDG,HUBBERTS BRIDGE
HBC,MNCRHBC,HARBOUR CITY MTLK
HBD,HBDNBDG,HEBDEN BRIDGE
HBF,HEVEBUS,HEVER (BROCAS FARM)
HBL,HBOLTN,HEADBOLT LANE
HBN,HBRN,HOLLINGBOURNE
HBP,HRNBPK,HORNBEAM PARK
HBR,HENBURY,HENBURY
HBY,HBRY,HARTLEBURY
HCB,HKBG,HACKBRIDGE
HCH,HCHP,HOLMES CHAPEL
HCN,HEADCRN,HEADCORN
HCR,NEWAHYK,HYKEHAM CROSROADS
HCT,HUNCOAT,HUNCOAT
HDB,HYDB,HAYDON BRIDGE
HDE,HEDGEND,HEDGE END
HDF,HADFILD,HADFIELD
HDG,HLDG,HEALD GREEN
HDH,HMPSTDH,HAMPSTEAD HEATH
HDL,HEDSTNL,HEADSTONE LANE
HDM,HADMATP,HADDENHAM & THAME PARKWAY
HDN,HARLSDN,HARLESDEN
HDW,HADLYWD,HADLEY WOOD
HDY,HEDNGLY,HEADINGLEY
HEB,HEBBURN,HEBBURN
HEC,HCKNGTN,HECKINGTON
HED,HALW,HALEWOOD
HEF,HNDAYE,HENDAYE
HEH,SWNAHNH,HERSTON HALT (SWANAGE R)
HEI,HGHNGTN,HEIGHINGTON
HEL,HENSALL,HENSALL
HEN,HDON,HENDON
HER,HERSHAM,HERSHAM
HES,HESSLE,HESSLE
HEV,HEVER,HEVER
HEW,HEWORTH,HEWORTH
HEX,HEXHAM,HEXHAM
HEZ,HEWOMTR,HEWORTH (METRO)
HFD,HEREFRD,HEREFORD
HFE,HERTFDE,HERTFORD EAST
HFN,HFDN,HERTFORD NORTH
HFS,HTFLASF,HATFIELD & STAINFORTH
HFX,HLFX,HALIFAX
HGD,HUNGRFD,HUNGERFORD
HGF,HAGFOLD,HAG FOLD
HGG,HAGGERS,HAGGERSTON
HGI,HORNBUS,HORNDEAN GOOD INTENT
HGM,HIGM,HIGHAM
HGN,HOUGHGR,HOUGH GREEN
HGR,HTHRGRN,HITHER GREEN
HGS,HASTING,HASTINGS
HGT,HAGT,HARROGATE
HGY,HRGY,HARRINGAY
HHB,HEYSHBR,HEYSHAM HARBOUR
HHD,HLYH,HOLYHEAD
HHE,HYWRDSH,HAYWARDS HEATH
HHL,HEATHHL,HEATH HIGH LEVEL
HHY,HGHI,HIGHBURY&ISLINGTON
HIA,HMPTNIA,HAMPTON-IN-ARDEN
HIB,HBROOMS,HIGH BROOMS
HID,HITW,HALL I' TH' WOOD
HIG,HGHBRDG,HIGHBRIDGE & BURNHAM
HII,HIGHBYA,HIGHBURY & ISLINGTON
HIL,HILLSID,HILLSIDE SOUTHPORT
HIN,HINDLEY,HINDLEY
HIP,HGHMSPK,HIGHAMS PARK
HIR,HTNRIBL,HORTON IN RIBBLESDALE
HIT,HITCHIN,HITCHIN
HKC,HACKNYC,HACKNEY CENTRAL
HKH,HWKHEAD,HAWKHEAD
HKM,HYKEHAM,HYKEHAM
HKN,HUCKNAL,HUCKNALL
HKW,HACKNYW,HACKNEY WICK
HLB,HLDNBRO,HILDENBOROUGH
HLC,HLNSBRC,HELENSBURGH CENTRAL
HLD,HELIFLD,HELLIFIELD
HLE,HLNGTNE,HILLINGTON EAST GLASGOW
HLF,HLFT,HILLFOOT
HLG,HLGN,HALL GREEN
HLH,CATZ124,HELENSBURGH BR
HLI,HEALING,HEALING
HLL,HEATHLL,HEATH LOW LEVEL
HLM,HLMW,HOLMWOOD
HLN,HRLG,HARLINGTON
HLR,HALLRD,HALL ROAD
HLS,HILSEA,HILSEA PORTSMOUTH
HLU,HLNSBRU,HELENSBURGH UPPER
HLW,HLNGTNW,HILLINGTON WEST GLASGOW
HLY,HOLYTWN,HOLYTOWN
HMA,HAYY,HAYMARKET (NEWCASTLE)
HMC,HCRT,HAMPTON COURT
HMD,HMPDNPK,HAMPDEN PARK
HME,HMBLE,HAMBLE
HMK,HAWESMP,HAWES MARKET PLACE
HML,HEMLHMP,HEMEL HEMPSTEAD
HMM,HAMERTN,HAMMERTON
HMN,HOMRTON,HOMERTON
HMP,HAMPTON,HAMPTON
HMS,HELMSDL,HELMSDALE
HMT,HMST,HAM STREET & ORLESTONE
HMW,HAMWICK,HAMPTON WICK
HMY,HARMYRS,HAIRMYRES
HNA,HINTONA,HINTON ADMIRAL
HNB,HRNEBAY,HERNE BAY
HNC,HAMLTNC,HAMILTON CENTRAL
HND,HANDBRO,HANBOROUGH
HNF,HDNS,HEDNESFORD
HNG,HENGOED,HENGOED
HNH,HERNEH,HERNE HILL
HNK,HINCKLY,HINCKLEY
HNL,HENLYIA,HENLEY-IN-ARDEN
HNT,HNTL,HUNTLY
HNW,HAMLTNW,HAMILTON WEST
HNX,HUNTSX,HUNT'S CROSS
HNY,STOKHAN,HANLEY BUS STATION
HOC,HOCKLEY,HOCKLEY ESSEX
HOD,HOLINWD,HOLLINWOOD
HOH,HAROOTH,HARROW-ON-THE-HILL LT
HOK,HOOK,HOOK
HOL,HOLTONH,HOLTON HEATH
HON,HONITON,HONITON
HOO,HOOTON,HOOTON
HOP,HOPD,HOPE (DERBYSHIRE)
HOR,HORLEY,HORLEY
HOT,HNLYOT,HENLEY-ON-THAMES
HOU,HOUNSLW,HOUNSLOW
HOV,HOVE,HOVE
HOW,HOWDEN,HOWDEN
HOX,HOXTON,HOXTON
HOY,HONLEY,HONLEY
HOZ,HOWOOD,HOWWOOD (RENFREW)
HPA,HONROPK,HONOR OAK PARK
HPD,HRPNDN,HARPENDEN
HPE,HOPC,HOPE (CLWYD)
HPK,HTPK,HEATON PARK
HPL,HRTLEPL,HARTLEPOOL
HPN,HAPTON,HAPTON
HPQ,PRKSTON,HARWICH INTERNATIONAL
HPT,HOPTONH,HOPTON HEATH
HRA,CATZ015,HEATHROW RAIL
HRD,HRLNGRD,HARLING ROAD
HRE,HORD,HORDEN
HRH,HORSHAM,HORSHAM
HRL,HRLC,HARLECH
HRM,HRSM,HARRIETSHAM
HRN,HRNSY,HORNSEY
HRO,HRLDWOD,HAROLD WOOD
HRR,HNGT,HARRINGTON
HRS,HSFT,HORSFORTH
HRT,CATZ127,HERTFORD BR
HRW,HROW,HARROW & WEALDSTONE
HRY,HRGYGL,HARRINGAY GREEN LANES
HSB,HELSBY,HELSBY
HSC,HOSCAR,HOSCAR
HSD,HAMSTED,HAMSTEAD
HSE,HURSLEY,HURSLEY
HSG,HATHRSG,HATHERSAGE
HSK,HASOCKS,HASSOCKS
HSL,HASLEMR,HASLEMERE
HST,GLGHST,HIGH STREET GLASGOW
HSW,HESWALL,HESWALL
HSY,HRSLEY,HORSLEY
HTC,HTCP,HEATON CHAPEL
HTE,HTCHEND,HATCH END
HTF,HARTFD,HARTFORD
HTH,HNDFRTH,HANDFORTH
HTM,MNCRHTM,HOLT TOWN METROLINK
HTN,HATTON,HATTON
HTO,HITN,HIGHTOWN
HTR,HTRWCBS,HEATHROW CENTRAL BUS STATION
HTW,HRTW,HARTWOOD
HTY,HATRSLY,HATTERSLEY
HUB,HUNMNBY,HUNMANBY
HUD,HDRSFLD,HUDDERSFIELD
HUL,HULL,HULL
HUN,HNTNGDN,HUNTINGDON
HUP,HMPHRYP,HUMPHREY PARK
HUR,HRSTGRN,HURST GREEN
HUS,HNSTNTN,HUNSTANTON BUS STOP
HUT,HTNCRNS,HUTTON CRANSWICK
HUU,HULLBS,HULL BUS STN
HUY,HUYTON,HUYTON
HVF,HAVRFDW,HAVERFORDWEST
HVH,HOEKVHL,HOEK VAN HOLLAND
HVN,HAVENHS,HAVENHOUSE
HWA,HTRWTM2,HEATHROW TERMINAL 2
HWB,HAWDNBG,HAWARDEN BRIDGE
HWC,HARWICH,HARWICH TOWN
HWD,HAWARDN,HAWARDEN
HWE,HTRWTM3,HEATHROW TERMINAL 3
HWF,HTRBUS4,HEATHROW TERMINAL 4 BUS
HWH,HLTWHST,HALTWHISTLE
HWI,HORWICH,HORWICH PARKWAY
HWK,HAWICK,HAWICK BUS STOP
HWM,HRLWMIL,HARLOW MILL
HWN,HRLWTWN,HARLOW TOWN
HWS,HWYCMHS,HIGH WYCOMBE HIGH ST (BUS)
HWT,,HAWORTH
HWU,,HIRWAUN
HWV,HTRWTM5,HEATHROW T5
HWW,HOWWOOD,HOW WOOD <HERTFORDSHIRE>
HWX,HTRBUS5,HEATHROW TERMINAL 5 BUSES ONLY
HWY,HWYCOMB,HIGH WYCOMBE
HXM,WROXHAM,HOVETON & WROXHAM
HXX,HTRWAPT,HEATHROW EXPRESS TERMINAL ONE
HYB,HONYBRN,HONEYBOURNE
HYC,HYDEC,HYDE CENTRAL
HYD,HEYFORD,HEYFORD
HYH,CLCHHYT,HYTHE(ESSEX)
HYK,HOYLAKE,HOYLAKE
HYL,HAYLE,HAYLE
HYM,HAYMRKT,HAYMARKET EDINBURGH
HYN,HYNDLND,HYNDLAND
HYO,HAYOWYE,HAY ON WYE CASTLE
HYP,SHEFHYD,HYDE PARK
HYR,HYDNSRD,HAYDONS ROAD
HYS,HAYS,HAYES (KENT)
HYT,HYDEN,HYDE NORTH
HYW,HNCHLYW,HINCHLEY WOOD
IBM,IBMM,IBM
IBS,IVRNBUS,INVERNESS BUS STATION
IFD,ILFORD,ILFORD
IFI,IFIELD,IFIELD
IFR,ILFF,ILFORD ROAD
IGD,IVRGRD,INVERGORDON
IHS,IFRCMB,ILFRACOMBE (BUS)
ILK,ILKLEY,ILKLEY
ILM,,ILMINSTER (BUS)
ILN,ILKES,ILKESTON
IMW,CSEAH,IMPERIAL WHARF
INB,IVRNABS,INVERNESS AIRPORT BUS STN
INC,INCE,INCE
INE,INEL,INCE & ELTON
ING,INVGWRE,INVERGOWRIE
INH,INVRSHN,INVERSHIN
INK,IVRKTHG,INVERKEITHING
INP,INVERKP,INVERKIP
INR,INVURIE,INVERURIE
INS,INSCH,INSCH
INT,INGTSTN,INGATESTONE
INV,IVRNESS,INVERNESS
IPS,IPSWICH,IPSWICH
IRL,IRLAM,IRLAM
IRV,IRVN,IRVINE
ISL,ISLEWTH,ISLEWORTH
ISP,ISLIP,ISLIP
IVA,IVRNAIR,INVERNESS AIRPORT
IVR,IVER,IVER
IVY,IVYBDGE,IVYBRIDGE
JCH,JAMCOK,JAMES COOK
JEQ,BHAMJEW,JEWELLERY QUARTER
JES,JESS,JESMOND
JHN,JOHNSTN,JOHNSTONE
JOH,JHNSTND,JOHNSTON (DYFED)
JOR,JORDANH,JORDANHILL GLASGOW
JSY,SHLJRSY,JERSEY
KBC,KINBRAC,KINBRACE
KBF,KRKBYIF,KIRKBY-IN-FURNESS
KBK,KTBK,KENTS BANK
KBM,MNCRKBM,KINGSWAY BUSINESS PARK METRO
KBN,KLBRNHR,KILBURN HIGH ROAD
KBS,KNGBRDG,KINGSBRIDGE (BUS)
KBW,KNEBWTH,KNEBWORTH
KBX,KIRBYX,KIRBY CROSS
KBZ,KOBLENZ,KOBLENZ HBF
KCG,KLCRGGN,KILCREGGAN
KCK,KNCKHLT,KNOCKHOLT
KDB,KIDBROK,KIDBROOKE
KDG,KIDSGRV,KIDSGROVE
KDM,KDRMSVR,KIDDERMINSTER S.V.R
KDR,,KILDARE
KDY,KCLD,KIRKCALDY
KEB,KNLYBUS,KENLEY (A22)
KEH,KEITH,KEITH
KEI,KEIGHLY,KEIGHLEY
KEL,KELVEDN,KELVEDON
KEM,KEMBLE,KEMBLE
KEN,KENDAL,KENDAL
KES,,KELSO
KET,KETR,KETTERING
KEY,KEYHAM,KEYHAM
KEZ,PBROKET,KETTERING NEWLANDS CENTRE
KGE,KNGW,KINGSKNOWE
KGH,KGHN,KINGHORN
KGL,KLGL,KINGS LANGLEY
KGM,KINGHAM,KINGHAM
KGN,KNYMPTN,KINGS NYMPTON
KGP,KGPK,KINGS PARK GLASGOW
KGS,KINSSTN,KINGS SUTTON
KGT,KILGETY,KILGETTY
KGX,KNGX,KING'S CROSS LONDON
KID,KDRMNST,KIDDERMINSTER
KIH,KIGSHTH,KINGS HEATH
KIL,KILDONN,KILDONAN
KIN,KGUSSIE,KINGUSSIE
KIP,KSPP,KINGSTON PARK
KIR,KKBY,KIRKBY (MERSEYSIDE)
KIT,KNTBRY,KINTBURY
KIV,KVTNBDG,KIVETON BRIDGE
KKB,KRKYCEN,KIRKBY IN ASHFIELD
KKD,KRKDALE,KIRKDALE
KKH,KRKH,KIRKHILL
KKM,KIRKHAM,KIRKHAM & WESHAM
KKN,KRKNWTN,KIRKNEWTON
KKS,KKSNDAL,KIRK SANDALL
KLB,PBROKLB,KINGS LYNN BUS STATION
KLD,KLDL,KILDALE
KLF,KRKSLFR,KIRKSTALL FORGE
KLL,KILARNY,KILLARNEY
KLM,KLMAURS,KILMAURS
KLN,KLYNN,KING'S LYNN
KLS,KLYNBUS,KINGS LYNN BUS STATION GN
KLY,KNLY,KENLEY
KMH,KMPSTNH,KEMPSTON HARDWICK
KMK,KILMRNK,KILMARNOCK
KML,KMSLY,KEMSLEY
KMP,KMPTNPK,KEMPTON PARK
KMS,KEMSING,KEMSING
KNA,KNRSBGH,KNARESBOROUGH
KND,KGWD,KINGSWOOD AND BURGH HEATH
KNE,KENNETT,KENNETT
KNF,KNUTSFD,KNUTSFORD
KNG,KGSTON,KINGSTON SURREY
KNI,KNIGHTN,KNIGHTON
KNL,KENSLG,KENSAL GREEN
KNN,KNORTON,KINGS NORTON
KNO,KNTNGLY,KNOTTINGLEY
KNR,KENR,KENSAL RISE
KNS,KENISHD,KENNISHEAD GLASGOW
KNT,KTON,KENTON
KNU,KNUCKLS,KNUCKLAS
KNW,KENLSTN,KENILWORTH
KNY,,KILKENNY
KOL,,KOLN HBF
KPA,KENOLYM,KENSINGTON OLYMPIA
KPT,KLPTRCK,KILPATRICK
KRK,KRKC,KIRKCONNEL
KSL,KEARSLY,KEARSLEY
KSN,KSNY,KEARSNEY
KSW,KSTP,KIRKBY STEPHEN WEST
KTH,KENTHOS,KENT HOUSE
KTL,KRTNLND,KIRTON LINDSEY
KTN,KNTSHTN,KENTISH TOWN LONDON
KTR,KINTORE,KINTORE
KTW,KNTSHTW,KENTISH TOWN WEST
KVD,DAWSHLM,KELVINDALE
KVP,KVTNPK,KIVETON PARK
KWB,KEWBDGE,KEW BRIDGE
KWD,KRKWOOD,KIRKWOOD
KWG,KEWGRDN,KEW GARDENS
KWK,KESWICK,KESWICK BUS
KWL,KIDWELY,KIDWELLY
KWN,KILWNNG,KILWINNING
KWR,DMTHKWR,KINGSWEAR
KYK,KYLEAKN,KYLEAKIN (ISLE OF SKYE)
KYL,KYLELSH,KYLE OF LOCHALSH
KYN,KEYNSHM,KEYNSHAM
LAA,LIFTON,LIFTON (BUS)
LAB,LEYBURN,LEYBURN
LAC,LNCG,LANCING
LAD,LDYW,LADYWELL
LAG,LGWITH,LANGWITH-WHALEY-THORNS
LAI,LAINDON,LAINDON
LAK,LAKNHTH,LAKENHEATH
LAM,LAMPHEY,LAMPHEY
LAN,LANCSTR,LANCASTER
LAP,LAPFORD,LAPFORD
LAR,LARGS,LARGS
LAS,LLNSMLT,LLANSAMLET
LAU,LRNCKRK,LAURENCEKIRK
LAW,LNDYW,LANDYWOOD
LAY,LAYTON,LAYTON (LANCS)
LBG,LNDNBDC,LONDON BRIDGE
LBG,LNDNBDE,LONDON BRIDGE
LBG,LNDNBDG,LONDON BRIDGE
LBK,LNGBKBY,LONG BUCKBY
LBN,,LISBURN
LBO,LOGHBRO,LOUGHBOROUGH
LBR,LBDR,LLANBEDR
LBS,NEWALCN,LINCOLN BUS STATION
LBT,LARBERT,LARBERT
LBZ,LTNBZRD,LEIGHTON BUZZARD
LCA,CATZ014,LEEDS CASTLE BUS
LCB,LCHBSDL,LOCHBOISDALE (SOUTH UIST)
LCC,LCHLCHR,LOCHLUICHART
LCG,LCHGLLY,LOCHGELLY
LCH,LCHMADY,LOCHMADDY (NORTH UIST)
LCK,LKWD,LOCKWOOD
LCL,LCHALRT,LOCHAILORT
LCN,LINCLNC,LINCOLN
LCP,LYNTON,LYNTON (BUS)
LCS,LCHESDE,LOCHEILSIDE
LDN,LNDW,LLANDANWG
LDR,LDRY,LONDONDERRY
LDS,LEEDS,LEEDS
LDW,MNCRLDW,LADYWELL MTLK
LDY,LADYBNK,LADYBANK
LEA,LEAGRVE,LEAGRAVE
LEB,LEABDGE,LEA BRIDGE
LED,LDBURY,LEDBURY
LEE,LEEE,LEE
LEG,LEGR,LEA GREEN
LEH,LEAHALL,LEA HALL
LEI,LESTER,LEICESTER
LEK,LEEK,LEEK
LEL,LELANT,LELANT
LEM,LEYTNMR,LEYTON MIDLAND ROAD
LEN,LENHAM,LENHAM
LEO,LEOMNST,LEOMINSTER
LER,LYTNSHR,LEYTONSTONE HIGH ROAD
LES,LHONSEA,LEIGH-ON-SEA
LET,LTCE,LETCHWORTH
LEU,LEUCHRS,LEUCHARS
LEV,LEVEN,LEVEN
LEW,LEWISHM,LEWISHAM
LEY,LEYLAND,LEYLAND
LFD,LINGFLD,LINGFIELD
LFL,LEIGBUS,LEIGH (FLEUR-DE-LIS P.H.)
LFO,,LONGFORD
LGB,LGBK,LANGBANK
LGD,LGWOOD,LINGWOOD
LGE,LNGEATN,LONG EATON
LGF,LGFD,LONGFIELD
LGG,LGRN,LANGLEY GREEN
LGJ,LBGHJN,LOUGHBOROUGH JUNCTION
LGK,LONGBCK,LONGBECK
LGM,LGML,LANGLEY MILL
LGN,LNTN,LONGTON
LGO,LLGUNLO,LLANGYNLLO
LGS,LNSD,LANGSIDE GLASGOW
LGW,LWBY,LANGWATHBY
LHA,LOCHAWE,LOCH AWE
LHD,LETHRHD,LEATHERHEAD
LHE,LCEILOB,LOCH EIL OUTWARD BOUND
LHL,LGHM,LANGHOLM BUS STOP
LHM,LEALHLM,LEALHOLM
LHO,LGHO,LANGHO
LHR,CATZ151,LONDON AIRPORT TCKT/ENQ OFFICE
LHS,LIMHSE,LIMEHOUSE
LHW,LCHWNCH,LOCHWINNOCH
LIC,LCHC,LICHFIELD CITY
LID,LDLNGTN,LIDLINGTON
LIE,LEISTON,LEISTON
LIF,LCHTTVH,LICHFIELD T V HIGH LEVEL
LIH,LEIGHK,LEIGH
LIL,LILLEFL,LILLE FLANDRES
LIN,LNLTHGW,LINLITHGOW
LIP,LIPHOOK,LIPHOOK
LIS,LISS,LISS
LIT,LTLHMPT,LITTLEHAMPTON
LIU,LILLE,LILLE NORD-EUROPE
LIV,LVRPLSH,LIVERPOOL LIME STREET
LJL,LVRPJLA,LIVERPOOL JOHN LENNON AIRPORT
LJN,LIMERCJ,LIMERICK JCN
LKE,LAKEIOW,LAKE (I.O.W.)
LLA,LNAB,LLANABER HALT
LLB,LANBDRN,LLANBADARN
LLC,LNDC,LLANDECWYN
LLD,LUDO,LLANDUDNO
LLE,LLNLLI,LLANELLI
LLF,LANFRFC,LLANFAIRFECHAN
LLG,LLGADOG,LLANGADOG
LLH,LLGNNCH,LLANGENNECH
LLI,LLDYBIE,LLANDYBIE
LLJ,LANDUDJ,LLANDUDNO JUNCTION
LLL,LLDEILO,LLANDEILO
LLM,LLGMMRW,LLANGAMMARCH
LLN,LLANDAF,LLANDAF
LLO,LLDODW,LLANDRINDOD
LLP,LYNMTH,LYNMOUTH (BUS)
LLR,LLHARAN,LLANHARAN
LLS,LLISHEN,LLANISHEN
LLT,LLBSTRD,LLANBISTER ROAD
LLV,LLDVERY,LLANDOVERY
LLW,LYNGRIL,LLWYNGWRIL
LLY,LLWYNYP,LLWYNYPIA
LMN,CATZ009,LONG MARSTON
LMR,LOWMOOR,LOW MOOR
LMS,LMNGTNS,LEAMINGTON SPA
LNB,LLBRDCH,LLANBRADACH
LND,LNGNDRY,LONGNIDDRY
LNE,LONDINT,LONDON INTERNATIONAL
LNF,LINDFRD,LINDFORD
LNG,LNGCROS,LONGCROSS
LNK,LANARK,LANARK
LNP,LLANGPS,LLANGOLLEN PARADE STREET
LNR,LLWRDA,LLANWRDA
LNW,LLWRTYW,LLANWRTYD
LNY,LANGLEY,LANGLEY BERKS
LNZ,LENZIE,LENZIE
LOB,LONB,LONGBRIDGE
LOC,LCKRBIE,LOCKERBIE
LOE,LONDEUR,LONDON EUROSTAR (CIV)
LOF,LONFLDS,LONDON FIELDS
LOH,LSTH,LOSTOCK HALL
LON,CATZ148,LONDON BR
LOO,LOOE,LOOE
LOS,LSTWTHL,LOSTWITHIEL
LOT,LOSTCKP,LOSTOCK PARKWAY
LOW,LOWDHAM,LOWDHAM
LPD,CATZ016,LUTON AIRPORT PARKWAY DART
LPG,LFPW,LLANFAIRPWLL
LPO,,LYME REGIS PO
LPR,LPRESTN,LONG PRESTON
LPT,LNGP,LONGPORT
LPW,LAPWRTH,LAPWORTH
LPY,LVRPSPY,LIVERPOOL SOUTH PARKWAY
LRB,BRGHLRD,LONDON ROAD BRIGHTON
LRD,LRDGFD,LONDON ROAD GUILDFORD
LRG,LAIRG,LAIRG
LRH,LARKHAL,LARKHALL
LRK,LIMERIC,LIMERICK
LRR,BRGHBUS,LONDON ROAD (DITCHLING RISE)
LSK,LISKARD,LISKEARD
LSM,LISMORE,LISMORE (ISLE OF)
LSN,LVNSTNN,LIVINGSTON NORTH
LSQ,,LYME REGIS SQUARE
LST,LIVST,LIVERPOOL STREET LONDON
LSW,LEASOWE,LEASOWE
LSX,LIVSTLL,LIVERPOOL STREET EL
LSY,LSYDNHM,LOWER SYDENHAM
LTG,LSTG,LOSTOCK GRALAM
LTH,LLHLETH,LLANHILLETH
LTI,LLTRSNT,LLANTRISANT
LTK,LTLKMBL,LITTLE KIMBLE
LTL,LITLBRO,LITTLEBOROUGH
LTM,LYTHAM,LYTHAM
LTN,LUTOAPY,LUTON AIRPORT PARKWAY
LTP,LTLPORT,LITTLEPORT
LTR,LMPTBLL,LAMPETER THE BLACK LION
LTS,LELANTS,LELANT SALTINGS
LTT,LTLSUTN,LITTLE SUTTON
LTV,LCHTTVL,LICHFIELD TRENT VALLEY
LUA,LUTNAIR,LUTON AIRPORT
LUB,LUTOBUS,LUTON BUS
LUD,LUDLOW,LUDLOW
LUT,LUTON,LUTON
LUX,LUXULYN,LUXULYAN
LVB,LVRPBAL,LIVERPOOL BALTIC
LVC,LVRPLCH,LIVERPOOL CENTRAL (NORTHERN)
LVG,LVNSTNS,LIVINGSTON SOUTH
LVJ,JAMESST,LIVERPOOL JAMES STREET
LVL,LVRPLSL,LIVERPOOL LIME ST LOW LEVEL
LVM,LVHM,LEVENSHULME
LVN,LHVN,LITTLEHAVEN
LVP,CATZ137,LIVERPOOL BR
LVS,LVRPLSG,LIVERPOOL LANDING STAGE
LVT,LTHH,LISVANE AND THORNHILL
LWH,LAWRNCH,LAWRENCE HILL
LWM,LLNWTMR,LLANTWIT MAJOR
LWR,LNRWST,LLANRWST
LWS,LEWES,LEWES
LWT,LOWSTFT,LOWESTOFT
LWY,MNCRLWY,LANGWORTHY MTLK
LYC,LYMPSTC,LYMPSTONE COMMANDO
LYD,LYDNEY,LYDNEY
LYE,LYEE,LYE
LYM,LYMPSTN,LYMPSTONE VILLAGE
LYP,LMTNPIR,LYMINGTON PIER
LYS,,LYON PERRACHE
LYT,LMTNTWN,LYMINGTON TOWN
LZB,LAZKRKO,LAZONBY
MAB,TINSMAG,MAGNA TRAM STOP
MAC,MACLSFD,MACCLESFIELD
MAD,CATZ138,MAIDSTONE BR
MAE,,MAYNOOTH
MAG,MAGHULL,MAGHULL
MAH,,MALAHIDE
MAI,MDNHEAD,MAIDENHEAD
MAJ,,MANULLA JUNCTION
MAL,MALDENM,MALDEN MANOR
MAN,MNCRPIC,MANCHESTER PICCADILLY
MAO,MHERON,MARTINS HERON
MAR,MARGATE,MARGATE
MAS,MANORS,MANORS
MAT,MATLOCK,MATLOCK
MAU,MLDTHRD,MAULDETH ROAD
MAW,MALLOW,MALLOW
MAX,MAXWLPK,MAXWELL PARK GLASGOW
MAY,MAYBOLE,MAYBOLE
MBH,,MUINE BHEAG
MBK,MBRK,MILLBROOK (HAMPSHIRE)
MBR,MDLSBRO,MIDDLESBROUGH
MBT,MSBTN,MARSH BARTON
MCB,MLSECMB,MOULSECOOMB
MCE,GTSHDMC,METROCENTRE
MCF,MCFMTLK,Martinscroft Metrolink
MCH,MRCH,MARCH
MCK,MARNELV,MARNE-LA-VALLEE
MCM,MORCAME,MORECAMBE
MCN,MCHYNLT,MACHYNLLETH
MCO,MNCROXR,MANCHESTER OXFORD ROAD
MCR,CATZ139,MANCHESTER BR
MCT,MNCRMCM,Media City Mtlk
MCV,MNCRVIC,MANCHESTER VICTORIA
MCZ,,MANCTR CTL ZONE
MDB,MSTONEB,MAIDSTONE BARRACKS
MDE,MSTONEE,MAIDSTONE EAST
MDG,MIDGHAM,MIDGHAM
MDL,MDWD,MIDDLEWOOD
MDM,MRDMTLK,Moor Road Metrolink
MDN,MDNNWTN,MAIDEN NEWTON
MDQ,,MELDON QUARRY
MDR,MRDNRD,MORDEN ROAD
MDS,MORDENS,MORDEN SOUTH
MDT,MEDSTED,MEDSTEAD
MDW,MSTONEW,MAIDSTONE WEST
MDY,MAERDY,MAERDY
MEC,MEOLSCP,MEOLS COP
MEL,MELDRTH,MELDRETH
MEN,MENHENT,MENHENIOT
MEO,MELS,MEOLS
MEP,MEOPHAM,MEOPHAM
MER,MERTHYR,MERTHYR TYDFIL
MES,MELTON,MELTON
MET,MELTONH,MELTON HALT
MEV,MERTHRV,MERTHYR VALE
MEW,MAESTER,MAESTEG (EWENNY ROAD)
MEX,MEXBRGH,MEXBOROUGH
MEY,MRRYTON,MERRYTON
MFA,MFAM,MORFA MAWDDACH
MFF,MINFFR,MINFFORDD
MFF,MINFORD,MINFFORDD
MFH,MLFDHVN,MILFORD HAVEN
MFL,MTFL,MOUNT FLORIDA GLASGOW
MFT,MFLDTWN,MANSFIELD
MGM,MTHRNGH,METHERINGHAM
MGN,MRSTNGR,MARSTON GREEN
MHD,MINEHED,MINEHEAD(W.SOMERSET RLY)
MHM,MERSTHM,MERSTHAM
MHR,MRKTHRB,MARKET HARBOROUGH
MHS,MEADWHL,MEADOWHALL
MIA,MNCRIAP,MANCHESTER AIRPORT
MIC,MCHLDVR,MICHELDEVER
MIE,,MILLSTREET
MIF,MLLF,MILLFIELD
MIH,MLSHILL,MILLS HILL
MIJ,MITCHMJ,MITCHAM JUNCTION
MIK,MCKLFLD,MICKLEFIELD
MIL,MLHB,MILL HILL BROADWAY
MIM,MINMARS,MORETON-IN-MARSH
MIN,MILKNPK,MILLIKEN PARK
MIP,MLTON,MILTON
MIR,MIRFILD,MIRFIELD
MIS,MISTLEY,MISTLEY
MIT,MITCHAM,MITCHAM
MKC,MKNSCEN,MILTON KEYNES CENTRAL
MKM,MELKSHM,MELKSHAM
MKR,MKTR,MARKET RASEN
MKT,MRKSTEY,MARKS TEY
MLB,MLBRKB,MILLBROOK (BEDFORDSHIRE)
MLD,MLDSWTH,MOULDSWORTH
MLF,MLFORD,MILFORD
MLG,MLAIG,MALLAIG
MLH,MLHL,MILL HILL (LANCASHIRE)
MLM,MLLM,MILLOM
MLN,MLGV,MILNGAVIE
MLP,MILESPL,MILES PLATTING JN
MLR,MILNROW,MILNROW
MLS,MELROSE,MELROSE BUS STOP
MLT,MALTON,MALTON
MLV,,MULHOUSE VILLE
MLW,MARLOW,MARLOW
MLY,MRLY,MORLEY
MMO,MLTNSDG,MELTON MOWBRAY
MMS,MNUMTS,MONUMENT SOUTH
MNA,MNCMTLK,Manchester Airport MTLK
MNC,MKIN,MARKINCH
MNE,MANEA,MANEA
MNG,MANNGTR,MANNINGTREE
MNN,MENSTON,MENSTON
MNP,MANRPK,MANOR PARK
MNR,MNRD,MANOR ROAD
MNS,MAGHNTH,MAGHULL NORTH
MNZ,MINZHBF,MAINZ HBF
MOB,MOBERLY,MOBBERLEY
MOG,MRGT,MOORGATE
MOL,MOLBS,MOLD BUS STATION
MOM,,MOSTRIM
MON,MONIFTH,MONIFIETH
MOO,MUROORD,MUIR OF ORD
MOR,MTIMER,MORTIMER
MOS,MSSD,MOSS SIDE
MOT,MOTSPRP,MOTSPUR PARK
MOV,MOSLEY,MOSELEY VILLAGE
MOY,,MOSNEY
MPK,MSSPARK,MOSSPARK
MPL,MARPLE,MARPLE
MPT,MRPTHRP,MORPETH
MRB,MNORBER,MANORBIER
MRD,MOCHARD,MORCHARD ROAD
MRF,MORFLDS,MOORFIELDS
MRM,MANOMET,MANORS (METRO)
MRN,MARDEN,MARDEN
MRP,MORTHRP,MOORTHORPE
MRR,MORAR,MORAR
MRS,MNKRISB,MONKS RISBOROUGH
MRT,MOTO,MORETON (MERSEYSIDE)
MRW,MWRWSTN,MERIDIAN WATER
MRY,MPRT,MARYPORT
MSC,MRSLSTC,MARSEILLE ST CHARLES
MSD,MRSD,MOORSIDE
MSE,MOSSEND,MOSSEND
MSH,MSLH,MOSSLEY HILL
MSK,MRSK,MARSKE
MSL,MOSSLEY,MOSSLEY (GREATER MANCHESTER)
MSM,MNCRMSM,Monsall Mtlk
MSN,MRSN,MARSDEN
MSO,MSTN,MOSTON
MSR,MINSTER,MINSTER_(THANET)
MSS,MSGT,MOSES GATE
MST,MAESTGW,MAESTEG
MSW,MFLDWSE,MANSFIELD WOODHOUSE
MTA,MASH,MOUNTAIN ASH
MTB,MATLCKB,MATLOCK BATH
MTC,ESTFLDS,MITCHAM EASTFIELDS
MTE,NNTNMIR,MIRA Technology Park
MTG,MOTNGHM,MOTTINGHAM
MTH,MOTHRWL,MOTHERWELL
MTL,MRTLKE,MORTLAKE
MTM,MMIL,MARTIN MILL
MTN,MORETON,MORETON (DORSET)
MTO,MARTON,MARTON
MTP,MONPELR,MONTPELIER
MTS,MONTRSE,MONTROSE
MTV,MNTVRNN,MT. VERNON
MUB,MSELBGH,MUSSELBURGH
MUF,MNCRUFG,MANCHESTER UNITED FOOTBALL GD
MUI,MUIREND,MUIREND GLASGOW
MUK,MUCK,MUCK (ISLE OF)
MUL,,MULLINGAR
MVL,MLVRNLK,MALVERN LINK
MYB,MARYLBN,MARYLEBONE LONDON
MYH,MRYHILL,MARYHILL
MYL,MRYLAND,MARYLAND
MYT,MYTHLMR,MYTHOLMROYD
MZH,MAZEH,MAZE HILL
MZM,METZ,METZ VILLE
NAN,NANTWCH,NANTWICH
NAR,NRBERTH,NARBERTH
NAY,NWTA,NEWTON AYCLIFFE
NBA,NBARNET,NEW BARNET
NBC,NBCKNHM,NEW BECKENHAM
NBE,NBRWGE,NEWBRIDGE
NBG,,NEWBRIDGE (IRELAND)
NBM,MNCRNBM,NEWBOLD METROLINK
NBN,NBTN,NEW BRIGHTON
NBR,NARBRO,NARBOROUGH
NBS,NWTPBS,NEWTOWN BUS STATION
NBT,NRBITON,NORBITON
NBW,NBERWCK,NORTH BERWICK
NBY,NEWBURY,NEWBURY
NCE,NEWCLEE,NEW CLEE
NCK,NWCMNCK,NEW CUMNOCK
NCL,NWCSCEE,NEWCASTLE
NCL,NWCSCWE,NEWCASTLE
NCL,NWCSTLE,NEWCASTLE
NCM,NTHCAMP,NORTH CAMP
NCO,NWCOURT,NEWCOURT
NCT,NWRKCAS,NEWARK CASTLE
NCX,,NEWCASTLE BT CBI
NCZ,NWCSTLL,NEWCASTLE LOW LEVEL
NDL,NDULWCH,NORTH DULWICH
NEG,NWTGRNG,NEWTONGRANGE
NEH,NWELTHM,NEW ELTHAM
NEI,NEILSTN,NEILSTON
NEL,NLSN,NELSON
NEM,NEWMLDN,NEW MALDEN
NEN,,NENAGH
NES,NESTON,NESTON
NET,NTHRFLD,NETHERFIELD
NEW,NCRAGHA,NEWCRAIGHALL
NEY,NEWEMLN,NEWCASTLE EMLYN CATTLE MKT
NFA,FAMBDGE,NORTH FAMBRIDGE
NFD,NRTF,NORTHFIELD
NFL,NRTHFLT,NORTHFLEET
NFN,NAFERTN,NAFFERTON
NGR,,NORTH GREENWICH LT
NGT,NEWNGTN,NEWINGTON
NHD,NUNHEAD,NUNHEAD
NHE,NWHYTHE,NEW HYTHE
NHL,NHOL,NEW HOLLAND
NHY,NHEY,NEW HEY
NIM,MNCRNIM,NEW ISLINGTON METROLINK
NIT,NITSH,NITSHILL GLASGOW
NLN,NEWLANE,NEW LANE
NLR,NLANRST,NORTH LLANRWST
NLS,NAILSEA,NAILSEA & BACKWELL
NLT,NTHOLTP,NORTHOLT PARK
NLW,NWTNLW,NEWTON-LE-WILLOWS
NMC,NWMILSC,NEW MILLS CENTRAL
NMK,NWMKET,NEWMARKET
NMM,MNCRNMM,Newton Heath & Moston Mtlk
NMN,NWMILSN,NEW MILLS NEWTOWN
NMP,NMPTBAY,NORTHAMPTON
NMP,NMPTN,NORTHAMPTON
NMR,NMRMTLK,Northern Moor Metrolink
NMT,NEEDHAM,NEEDHAM MARKET
NNE,NRBONNE,NARBONNE
NNG,NEWANG,NEWARK NORTH GATE
NNN,NNTNBUS,NUNEATON BUS STATION
NNP,NINIANP,NINIAN PARK
NNT,NUNTHRP,NUNTHORPE
NOA,NWTOA,NEWTON ON AYR
NOD,SWNANDN,NORDEN (SWANAGE R)
NOP,NBRLPK,NORTHUMBERLAND PARK (T&W)
NOR,NORMNTN,NORMANTON
NOT,NTNG,NOTTINGHAM
NPD,NPUD,NEW PUDSEY
NPP,NTNGPKK,NOTTINGHAM PHOENIX PARK
NPT,NWPRBUS,NEWPORT (IOW)
NQC,,NEWQUAY CARDIGANSHIRE
NQU,NQNSFRY,NORTH QUEENSFERRY
NQY,NEWQUAY,NEWQUAY
NRB,NORBURY,NORBURY
NRC,NEWBRYR,NEWBURY RACECOURSE
NRD,NTRD,NORTH ROAD <DARLINGTON>
NRN,NAIRN,NAIRN
NRT,NETHRTN,NETHERTOWN
NRW,NRCH,NORWICH
NSB,NRMNSBY,NORMANS BAY
NSD,NWSTEAD,NEWSTEAD
NSG,NEWSGAT,NEW SOUTHGATE
NSH,NSHEEN,NORTH SHEEN
NTA,NABT,NEWTON ABBOT
NTC,NSTCYRE,NEWTON ST CYRES
NTH,NEATH,NEATH
NTL,NETLEY,NETLEY
NTN,NWTL,NEWTON
NTR,NLRTN,NORTHALLERTON
NUF,NUTFILD,NUTFIELD
NUM,NMBRLPK,NORTHUMBERLAND PARK (LONDON)
NUN,NNTN,NUNEATON TRENT VALLEY
NUR,NNRYSQU,NUNNERY SQUARE P&R
NUT,NUTBORN,NUTBOURNE
NVH,NEWHVNH,NEWHAVEN HARBOUR
NVM,NEWHVNM,NEWHAVEN MARINE (OLD STN)
NVN,NEWHVNT,NEWHAVEN TOWN
NVR,NAVGTNR,NAVIGATION ROAD
NWA,NWALSHM,NORTH WALSHAM
NWB,NWEMBLY,NORTH WEMBLEY
NWD,NORWDJ,NORWOOD JUNCTION
NWE,NEWPRTE,NEWPORT (ESSEX)
NWH,NSHM,NEWSHAM
NWI,NTHWICH,NORTHWICH
NWK,CATZ141,NEWARK CASTLE OR NORTHGATE
NWM,NMILTON,NEW MILTON
NWN,NWTH,NEWTON FOR HYDE
NWP,NWPTRTG,NEWPORT (SOUTH WALES)
NWR,NWTM,NEWTONMORE
NWT,NWTP,NEWTOWN (POWYS)
NWX,NWCROSS,NEW CROSS
NWY,,NEWRY
NXG,NEWXGEL,NEW CROSS GATE LONDON
NXG,NEWXGTE,NEW CROSS GATE LONDON
NYN,NNTYRNN,NANTYRONEN
OBN,OBAN,OBAN
OCK,OCKENDN,OCKENDON
OCM,MNCROCM,OLDHAM CENTRAL METROLINK
OHL,OLHL,OLD HILL
OKE,OKHMPTN,OKEHAMPTON
OKI,OKHMPIC,OKEHAMPTON INTERCHANGE
OKL,OKLGHPK,OAKLEIGH PARK
OKM,OAKHAM,OAKHAM
OKN,OAKNGTS,OAKENGATES
OKS,MNCROSM,OLDHAM KING STREET METROLINK
OLD,OLDST,OLD STREET
OLF,OLDFLDP,OLDFIELD PARK
OLM,OLDHAMM,OLDHAM MUMPS
OLT,OLTON,OLTON
OLW,OLDHAMW,OLDHAM WERNETH
OLY,OCKLYAC,OCKLEY
OMS,ORMSKRK,ORMSKIRK
OOS,OOSTEND,OOSTENDE
OPK,ORELPKH,ORRELL PARK
ORE,OREE,ORE
ORN,OLDROAN,OLD ROAN
ORP,ORPNGTN,ORPINGTON
ORR,ORRELL,ORRELL
OSM,OTTERBS,OTTERY ST MARY
OSW,OSWEBS,OSWESTRY BUS STATION
OTF,OTFORD,OTFORD
OTL,MENSTOB,OTLEY BUS STATION
OTP,,OAKWOOD THEME PARK
OTR,OLDTRFD,OLD TRAFFORD
OUD,PBROUND,OUNDLE MARKET PLACE
OUN,OULTNBN,OULTON BROAD NORTH
OUS,OULTNBS,OULTON BROAD SOUTH
OUT,OUTWOOD,OUTWOOD
OVE,OPOL,OVERPOOL
OVR,OVTN,OVERTON
OXF,OXFD,OXFORD
OXN,OXENHLM,OXENHOLME
OXP,OXFPWAY,OXFORD PARKWAY
OXS,OXSHOTT,OXSHOTT
OXT,OXTED,OXTED
PAD,PADTON,PADDINGTON LONDON
PAI,PALL,PALLION
PAL,PALMRSG,PALMERS GREEN
PAN,PANGBRN,PANGBOURNE
PAQ,PARKGAT,PARKGATE
PAR,PARR,PAR
PAT,PTRCRFT,PATRICROFT
PAW,PELAWTW,PELAW TYNE & WEAR METRO
PAZ,PARISLZ,PARIS ST. LAZARE
PBL,PARBOLD,PARBOLD
PBN,PARISND,PARIS NORD
PBO,PBRO,PETERBOROUGH
PBR,POTRSBR,POTTERS BAR
PBS,PEEBLES,PEEBLES BUS STOP
PBU,PBROBST,PETERBOROUGH BUS STATION
PBY,PMBRYBP,PEMBREY & BURRY PORT
PCD,PENCOED,PENCOED
PCF,POMOCFP,PORTSMOUTH CONT FERRY PORT
PCM,PYCMMER,PONTYCYMMER
PCN,PSLYCAN,PAISLEY CANAL
PDG,PADGATE,PADGATE
PDK,PEMBFTM,PEMBROKE FERRY TERMINAL
PDT,PDSTWBT,PADSTOW
PDW,PKWD,PADDOCK WOOD
PDX,PADTLL,PADDINGTON EL
PEA,PEARTRE,PEARTREE
PEB,PVNSYBY,PEVENSEY BAY
PEE,PORTREE,PORTREE
PEG,PEGSWD,PEGSWOOD
PEM,PBRT,PEMBERTON
PEN,PENARTH,PENARTH
PER,PNRHCBR,PENRHIWCEIBER
PES,PSRN,PENSARN
PET,PETSWD,PETTS WOOD
PEV,PVNSYAW,PEVENSEY & WESTHAM
PEW,PEWSEY,PEWSEY
PFL,PURFLET,PURFLEET
PFM,PTFTMHL,PONTEFRACT MONKHILL
PFR,PTFTBHL,PONTEFRACT BAGHILL
PFT,POLEFT,POOLE QUAY
PFY,PLTNLFY,POULTON-LE-FYLDE
PGF,,PERPIGNAN
PGM,PENGAM,PENGAM
PGN,PAIGNTN,PAIGNTON
PGR,PNYGROS,PENYGROES CO-OP
PHG,PENHELG,PENHELIG
PHM,PLHMTLK,Peel Hall Metrolink
PHR,PNSHRST,PENSHURST
PIA,PILL,PILL
PIL,PILNING,PILNING
PIN,PINHOE,PINHOE
PIR,HAZEWLL,PINEAPPLE ROAD
PIT,PTLCHRY,PITLOCHRY
PIZ,YORKPCK,PICKERING EASTGATE
PKG,PNKRDG,PENKRIDGE
PKS,PSTONE,PARKSTONE
PKT,PKST,PARK STREET
PLC,PLUCKLY,PLUCKLEY
PLD,PSLDAWH,PORTSLADE
PLE,PLKLHDE,POLLOKSHIELDS EAST GLASGOW
PLG,POLGATE,POLEGATE
PLK,PLOCKTN,PLOCKTON
PLM,PLUMLEY,PLUMLEY
PLN,PLTH,PORTLETHEN
PLS,PLSNGTN,PLEASINGTON
PLT,PNTLTYN,PONTLOTTYN
PLU,PLMS,PLUMSTEAD LONDON
PLW,PLKLHDW,POLLOKSHIELDS WEST
PLY,PLYMTH,PLYMOUTH
PMA,PRTSMTA,PORTSMOUTH ARMS
PMB,PEMBROK,PEMBROKE
PMD,PEMBRKD,PEMBROKE DOCK
PMG,PRTHHBR,PORTMADOG FR
PMH,PHBR,PORTSMOUTH HARBOUR
PMO,MNCRPOM,POMONA MTLK
PMP,PLMPTON,PLUMPTON
PMR,PCKHMRY,PECKHAM RYE
PMR,PKHMRYC,PECKHAM RYE
PMS,PSEA,PORTSMOUTH & SOUTHSEA
PMT,POLMONT,POLMONT
PMW,PNMNMWR,PENMAENMAWR
PNA,PNALLY,PENALLY
PNC,PENYCHN,PENYCHAIN
PNE,PNGEE,PENGE EAST
PNF,PNYF,PENYFFORDD
PNG,CATZ118,PENGE BR
PNL,PANNAL,PANNAL
PNM,PENMERE,PENMERE
PNQ,PNZQUAY,PENZANCE QUAY
PNR,PNTH,PENRITH
PNS,PENISTN,PENISTONE
PNW,PENEW,PENGE WEST
PNY,PYBONT,PEN-Y-BONT
PNZ,PENZNCE,PENZANCE
POF,CATZ121,PONTEFRACT BR
POH,PRTSHD,PORTISHEAD
POI,POITIER,POITIERS
POK,POKSDWN,POKESDOWN
POL,POLSBDG,POLSLOE BRIDGE
POM,,PORTSMOUTH & SOUTHSEA (TT)
PON,PNDRSEN,PONDERS END
POO,POOLE,POOLE
POP,POPLTON,POPPLETON
POR,PORH,PORTH
POS,CATZ140,PORTSMOUTH BR
POT,PTFTTSF,PONTEFRACT TANSHELF
PPD,PTYPRID,PONTYPRIDD
PPK,POSILPK,POSSILPARK & PARKHOUSE
PPL,PONTYPL,PONTYPOOL AND NEW INN
PPR,PRSPBUS,PRESTON PARK (LONDON ROAD)
PRA,PWCKAPT,PRESTWICK INTERNAT'NL AIRPORT
PRB,PSBY,PRESTBURY
PRE,PRST,PRESTON
PRE,PRSTN4B,PRESTON
PRF,PENRNFR,PENRHYN FR
PRH,PRHN,PENRHYNDEUDRAETH
PRI,PTWYPR,PORTWAY PARK & RIDE
PRK,PARK,PARK
PRL,PRITLWL,PRITTLEWELL
PRM,PRIMRSH,PRIMROSE HILL
PRN,PARTON,PARTON
PRO,,PORTARLINGTON
PRP,PRSP,PRESTON PARK
PRR,PRINRIS,PRINCES RISBOROUGH
PRS,PREES,PREES
PRT,PSTA,PRESTATYN
PRU,PRUDHOE,PRUDHOE
PRW,PERANWL,PERRANWELL
PRY,PRYBR,PERRY BARR
PSC,PRESCOT,PRESCOT
PSE,PITSEA,PITSEA
PSH,PERSHOR,PERSHORE
PSL,PSLT,PORT SUNLIGHT
PSN,PARSNST,PARSON STREET
PST,PPAN,PRESTONPANS
PSW,PWTH,POLESWORTH
PTA,PTALBOT,PORT TALBOT
PTB,PNTRBCH,PENTRE-BACH
PTC,PCHESTR,PORTCHESTER
PTD,PNTADLS,PONTARDDULAIS
PTF,PNTYFYN,PANTYFFYNNON
PTG,PTGLSGW,PORT GLASGOW
PTH,PERTH,PERTH
PTH,PERTH3P,PERTH
PTK,PTCK,PARTICK
PTL,PHLD,PRIESTHILL & DARNLEY
PTM,PRTHMDG,PORTHMADOG
PTN,,PORTADOWN
PTO,,PORTLAOISE
PTR,PTRSFLD,PETERSFIELD
PTS,PRSH,PORTRUSH
PTT,PATERTN,PATTERTON
PTW,PWCK,PRESTWICK
PUL,PULBRO,PULBOROUGH
PUO,PURLEYO,PURLEY OAKS
PUR,PURLEY,PURLEY
PUT,PUTNEY,PUTNEY
PWC,PWCH,PRESTWICH
PWE,PLKSHWE,POLLOKSHAWS EAST
PWL,PWLHELI,PWLLHELI
PWW,PLKSHWW,POLLOKSHAWS WEST
PWY,PATCHWY,PATCHWAY
PYC,PONYCLN,PONTYCLUN
PYE,PYECRNR,PYE CORNER
PYG,PSLYGST,PAISLEY GILMOUR STREET
PYJ,PSLYSTJ,PAISLEY ST.JAMES
PYL,PYLE,PYLE
PYN,PRYN,PENRYN
PYP,PNYPANT,PONT-Y-PANT
PYT,POYNTON,POYNTON
QBR,QUENBRO,QUEENBOROUGH
QPK,QUNPARK,QUEEN'S PARK (STRATHCLYDE)
QPW,QPRK,QUEEN'S PARK (GREATER LONDON)
QRB,QTRDBAT,QUEENSTOWN ROAD(BATTERSEA)
QRD,QUNTRD,QUAINTON ROAD
QRP,PCKHMQD,QUEEN'S ROAD PECKHAM
QUI,QNTRLDW,QUINTRELL DOWNS
QYD,QUAKRSY,QUAKERS YARD
RAD,RDLEY,RADLEY
RAI,RAINHMK,RAINHAM KT
RAM,RAMSGTE,RAMSGATE
RAN,RANNOCH,RANNOCH FOR KINLOCH RANNOCH
RAU,RAUCEBY,RAUCEBY
RAV,RGLS,RAVENGLASS
RAY,RAYNSPK,RAYNES PARK
RBR,RBRTSBD,ROBERTSBRIDGE
RBS,REDCBSC,REDCAR BRITISH STEEL
RBU,RDNGBUS,READING BUS
RCA,RISCA,RISCA & PONTYMISTER
RCC,REDCARC,REDCAR CENTRAL
RCD,RCHDALE,ROCHDALE
RCE,REDCARE,REDCAR EAST
RCF,RADGM,RADCLIFFE (GREATER MANCHESTER)
RCM,,ROSCOMMON
RCR,,ROSCREA
RDA,REDLAND,REDLAND
RDB,REDBDGE,REDBRIDGE HANTS
RDC,RDIT,REDDITCH
RDD,RDLSDWN,RIDDLESDOWN
RDF,RADNOT,RADCLIFFE (NOTTINGHAMSHIRE)
RDG,RDNGSTN,READING
RDH,REDHILL,REDHILL
RDL,ROSNDAL,ROOSENDAAL
RDM,RIDNGML,RIDING MILL
RDN,REDISHN,REDDISH NORTH
RDR,RADYR,RADYR
RDS,REDISHS,REDDISH SOUTH
RDT,RADLETT,RADLETT
RDU,,RATHDRUM
RDW,REDGWST,READING WEST
RDZ,RDNG4AB,READING PLATFORMS 4A&B
REA,CATZ123,READING BR
REB,ROMSEYB,ROMSEY BUS
REC,RCTRYRD,RECTORY ROAD
RED,REDRUTH,REDRUTH
REE,RDHAMN,REEDHAM (NORFOLK)
REG,NWCSRC,REGENT CENTRE
REI,REIGATE,REIGATE
RER,CATZ013,RAVENGLASS & ESKDALE RLY CO
RET,RTFD,RETFORD
RFD,ROCHFD,ROCHFORD
RFY,ROCKFRY,ROCK FERRY
RGL,RUGL,RUGELEY TRENT VALLEY
RGP,REDGGPK,READING GREEN PARK
RGT,RUGLTWN,RUGELEY TOWN
RGW,RMSWILP,RAMSGREAVE & WILPSHIRE
RHA,DONCRHA,ROBIN HOOD AIRPORT
RHB,ROBINHB,ROBIN HOODS BAY
RHD,RIBLHED,RIBBLEHEAD
RHF,RHDLFLS,RHEIDOL FALLS
RHG,RHIGOS,RHIGOS (BUS STOP)
RHI,RHIWBNA,RHIWBINA
RHL,RHYL,RHYL
RHM,REEDHMS,REEDHAM (GREATER LONDON)
RHO,RHOSNGR,RHOSNEIGR
RHU,RHUM,RHUM (ISLE OF)
RHW,RHWF,RHIWFRON
RHY,RHYMNEY,RHYMNEY
RIA,RHOOSE,RHOOSE (CARDIFF INTL AIRPORT)
RIC,RCKMNSW,RICKMANSWORTH LT
RID,RIDGMNT,RIDGMONT
RIL,RICELA,RICE LANE
RIS,RISHTON,RISHTON
RKT,RSKNGTN,RUSKINGTON
RLG,RAYLEGH,RAYLEIGH
RLN,RWLNDSC,ROWLANDS CASTLE
RMB,ROMANBG,ROMAN BRIDGE
RMC,ROTHCEN,ROTHERHAM CENTRAL
RMD,RICHMND,RICHMOND
RMF,ROMFORD,ROMFORD
RMI,REDMIRE,REDMIRE
RMK,DLTNRIM,RICHMOND MARKET
RML,ROMILEY,ROMILEY
RMR,,RATHMORE
RMZ,RAMSHBR,RAMSGATE HARBOUR
RNF,RNFD,RAINFORD
RNH,RHIL,RAINHILL
RNM,RNHAME,RAINHAM (GREATER LONDON)
RNR,RGHTNRD,ROUGHTON ROAD
ROB,ROBY,ROBY
ROC,RCHE,ROCHE
ROE,RTHERHI,ROTHERHITHE
ROG,ROGART,ROGART
ROL,ROLSTN,ROLLESTON
ROM,ROMSEY,ROMSEY
ROO,ROOSE,ROOSE
ROP,ROPLEY,ROPLEY
ROR,ROGRSTN,ROGERSTONE
ROS,ROSYTH,ROSYTH
ROT,ROTTCS,ROTTERDAM CS
ROW,ROWLEYR,ROWLEY REGIS
RRB,RYDRBRW,RYDER BROW
RRD,ROUENDD,ROUEN D.D.
RRM,RWRMTLK,Robinswood Road Metrolink
RRN,RBRYSTN,ROBROYSTON
RSB,ROSLARE,ROSSLARE HARBOUR
RSG,ROSG,ROSE GROVE
RSH,ROHL,ROSE HILL (MARPLE)
RSN,RESTSTN,RESTON
RSS,,ROSSLARE STRAND
RTC,MNCRRCM,ROCHDALE TOWN CENTRE METROLINK
RTH,RDHMTLK,Roundthorn Metrolink
RTI,RUTINMS,RUTHIN WAR MEMORIAL
RTM,RTHRHMM,ROTHERHAM MASBOROUGH
RTN,RENTON,RENTON
RTR,RCHT,ROCHESTER
RTY,RSAY,ROTHESAY (ISLE OF BUTE)
RUA,RUABON,RUABON
RUE,RUNCRNE,RUNCORN EAST
RUF,RUFDORD,RUFFORD
RUG,RUGBY,RUGBY
RUN,RUNCORN,RUNCORN
RUS,RUSWARP,RUSWARP
RUT,RTHGLEN,RUTHERGLEN
RVB,RBRN,RAVENSBOURNE
RVN,RTHP,RAVENSTHORPE
RWC,RAWCLIF,RAWCLIFFE
RYB,ROYBDGE,ROY BRIDGE
RYD,RYDE,RYDE ESPLANADE
RYE,RYEE,RYE
RYH,RYEHOUS,RYE HOUSE
RYK,ROSYTHD,ROSYTH DOCKYARD
RYN,ROYDON,ROYDON
RYP,RYDP,RYDE PIER HEAD
RYR,RYDS,RYDE ST.JOHN'S ROAD
RYS,ROYSTON,ROYSTON HERTS
SAA,STALBNA,ST ALBANS ABBEY
SAB,SMALBRK,SMALLBROOK JUNCTION
SAC,STALBCY,ST ALBANS CITY
SAD,SNDWDUD,SANDWELL & DUDLEY
SAE,SAIR,SALTAIRE
SAF,SALFDS,SALFORDS
SAG,,ST AGNES (NON BR)
SAH,SALHOUS,SALHOUSE
SAI,SHEFARE,SHEFFIELD ARENA
SAJ,STJOHNS,ST JOHNS
SAL,SLSBRY,SALISBURY
SAL,SLSBY5B,SALISBURY
SAL,SLSBY6B,SALISBURY
SAM,SLTMRSH,SALTMARSHE
SAN,SNDOWN,SANDOWN
SAO,SANWBUS,ST ANDREWS BUS
SAQ,MNCRSQY,SALFORD QUAYS MTLK
SAR,SADWRD,ST ANDREWS ROAD
SAS,STAS,ST ANNES-ON-THE-SEA
SAT,SACTON,SOUTH ACTON
SAU,STAUSTL,ST AUSTELL
SAV,SOAV,STRATFORD-UPON-AVON
SAW,SBDGWTH,SAWBRIDGEWORTH
SAX,SXMNDHM,SAXMUNDHAM
SAY,SWLY,SWANLEY
SBE,STARBCK,STARBECK
SBF,STBDXFR,ST BUDEAUX FERRY ROAD
SBJ,STRBDGJ,STOURBRIDGE JUNCTION
SBK,STHBANK,SOUTH BANK
SBM,SBRMNDS,SOUTH BERMONDSEY
SBN,STKTBRK,STOCKTON BROOK
SBP,STNBGPK,STONEBRIDGE PARK
SBR,SPEANBD,SPEAN BRIDGE
SBS,STBEES,ST BEES
SBT,STRBDGT,STOURBRIDGE TOWN
SBU,SBURY,SOUTHBURY
SBV,STBDXVR,ST BUDEAUX VICTORIA ROAD
SBY,SELBY,SELBY
SCA,SCARBRO,SCARBOROUGH
SCB,SCRBSTR,SCRABSTER
SCE,SURCNRD,SURREY CANAL ROAD
SCF,STECHFD,STECHFORD
SCG,STCR,STONE CROSSING
SCH,SCTSTNH,SCOTSTOUNHILL GLASGOW
SCM,MNCRSCM,SOUTH CHADDERTON METROLINK
SCN,STONECS,STONE CROWN STREET
SCQ,,SERCO RAIL CARDIFF A
SCR,STCLMBR,ST COLUMB ROAD
SCS,STRCROS,STARCROSS
SCT,SCSCLDR,SCOTSCALDER
SCU,SCNTHRP,SCUNTHORPE
SCY,SCROYDN,SOUTH CROYDON
SDA,SNODLND,SNODLAND
SDB,SBCH,SANDBACH
SDC,SHRDHST,SHOREDITCH HIGH STREET
SDD,STDVCH,ST DAVIDS NEW STREET
SDE,SHADWEL,SHADWELL
SDF,SDRSFOT,SAUNDERSFOOT
SDG,SDLG,SANDLING
SDH,SDBRYHH,SUDBURY HILL
SDI,STFORDI,STRATFORD INTL
SDK,SOTNTNQ,SOUTHAMPTON DOCKS
SDL,SANDH,SANDHILLS
SDM,SHILDMR,SHIELDMUIR
SDN,STDENYS,ST DENYS
SDP,SDPLACE,SANDPLACE
SDR,SUNDRTN,SAUNDERTON
SDT,,SIDMOUTH TRIANGLE
SDW,SWCH,SANDWICH
SDY,SNDY,SANDY
SEA,SEAHAM,SEAHAM
SEB,SEABURN,SEABURN
SEC,SETNCRW,SEATON CAREW
SED,SHELFD,SHELFORD
SEE,SESARDM,SOUTHEASE
SEF,SEAFORD,SEAFORD
SEG,SELLING,SELLING
SEH,SHRMKT,SHOREHAM (KENT)
SEJ,STDL,SEATON DELAVAL
SEK,,SOUTHAMPTON E DOCKS
SEL,SELAFLD,SELLAFIELD
SEM,SEAMER,SEAMER
SEN,SHNS,SHENSTONE
SER,STERTH,ST ERTH
SES,SELMSAL,SOUTH ELMSALL
SET,SETTLE,SETTLE
SEV,SVNOAKS,SEVENOAKS
SEZ,SESABUS,SOUTHEASE (CHURCH)
SFA,STFODOM,STRATFORD INTERNATIONAL
SFC,SINFINC,SINFIN CENTRAL
SFD,SLFDORD,SALFORD
SFF,,SAFFRON WALDEN
SFI,SHWFAIR,SHAWFAIR
SFL,SFRTHAL,SEAFORTH & LITHERLAND
SFN,SHIFNAL,SHIFNAL
SFO,SLEHOPE,STANFORD-LE-HOPE
SFR,SHALFD,SHALFORD
SFS,STHFLDS,SOUTHFIELDS
SGB,GALTINT,SMETHWICK GALTON BRIDGE
SGE,SWNAGE,SWANAGE
SGH,SGOS,SOUTH GOSFORTH
SGL,STHGYLE,SOUTH GYLE
SGM,STGRMNS,ST GERMANS
SGN,SGFORD,SOUTH GREENFORD
SGQ,STONEGS,STONE GRANVILLE SQUARE
SGR,SLADEGN,SLADE GREEN
SHA,SHCRPTN,SHAW
SHB,SHRBROK,SHIREBROOK (DERBYS)
SHC,STHS,STREETHOUSE
SHD,SHDN,SHILDON
SHE,SHERBRN,SHERBORNE
SHF,SHEFFLD,SHEFFIELD
SHG,,STONEHENGE (BUS)
SHH,SHAMPTN,SHIREHAMPTON
SHI,SHPLAKE,SHIPLAKE
SHJ,STHLNSJ,ST HELENS JUNCTION
SHL,SHWLNDS,SHAWLANDS GLASGOW
SHM,SHRGHAM,SHERINGHAM
SHN,SHANKLN,SHANKLIN
SHO,SHOLING,SHOLING
SHP,SHEPRTN,SHEPPERTON
SHQ,SHEFCAT,SHEFFIELD CATHEDRAL
SHR,SHRWBY,SHREWSBURY
SHS,SHTT,SHOTTS
SHT,SHOTTON,SHOTTON
SHU,STNHSE,STONEHOUSE GLOS
SHV,SSEACLE,SOUTHSEA HOVERPORT
SHW,SHAWFD,SHAWFORD
SHX,SHOTTLE,SHOTTLE
SHY,SHPY,SHIPLEY
SHZ,STHH,SOUTH HYLTON
SIA,STHEAIR,SOUTHEND AIRPORT
SIB,SEHOBUS,SEAHOUSES BUS
SIC,SILCRFT,SILECROFT
SID,SIDCUP,SIDCUP
SIE,SHBN,SHERBURN-IN-ELMET
SIH,SHLIER,ST HELIER
SIL,SILEBY,SILEBY
SIN,SINGER,SINGER
SIP,SPTN,SHIPTON
SIR,SINFINN,SINFIN NORTH
SIT,STNGBRN,SITTINGBOURNE
SIV,STIVES,ST IVES CORNWALL
SJN,SNTJ,ST. JAMES (NEWCASTLE)
SJP,STJAMSP,ST JAMES' PARK
SJS,STJMSST,ST JAMES STREET
SKD,SKLMDLE,SKELMERSDALE
SKE,SKEWEN,SKEWEN
SKG,SKEGNES,SKEGNESS
SKI,SKPT,SKIPTON
SKK,SELKIRK,SELKIRK BUS STOP
SKM,STKM,STOKE MANDEVILLE
SKN,STKEYNE,ST KEYNE
SKR,,SKERRIES
SKS,STCKSFL,STOCKSFIELD
SKV,STKEYNV,ST KEYNE VILLAGE
SKW,STKNWNG,STOKE NEWINGTON
SLA,SLATEFD,SLATEFORD EDINBURGH
SLB,SBRN,SALTBURN
SLD,SLFDCT,SALFORD CRESCENT
SLE,SALE,SALE
SLH,SLEGHTS,SLEIGHTS
SLI,,SLIGO
SLK,SKSCMN,SILKSTONE COMMON
SLL,SBROUGH,STALLINGBOROUGH
SLO,SLOUGH,SLOUGH
SLQ,STLNRWS,ST LEONARDS W S
SLR,SLEFD,SLEAFORD
SLS,SHTLSTN,SHETTLESTON
SLT,SLCT,SALTCOATS
SLV,SIVRST,SILVER STREET
SLW,SALWICK,SALWICK
SLY,SELYOAK,SELLY OAK
SLZ,NEWASWG,SOUTHWELL WESTGATE
SMA,SMLHTH,SMALL HEATH
SMB,SMBG,SMITHY BRIDGE
SMC,SAMPCRT,SAMPFORD COURTENAY
SMD,STAMFD,STAMFORD
SMG,STMGTS,ST MARGARETS (GREATER LONDON)
SMH,STMFDHL,STAMFORD HILL
SMI,,SMITHAM
SMK,STWMRKT,STOWMARKET
SML,SEMILLS,SEA MILLS
SMM,SDMMTLK,Shadowmoss Metrolink
SMN,SMINSTR,SOUTHMINSTER
SMO,SMERTON,SOUTH MERTON
SMP,,SOUTHAMPTON ROYAL PIER
SMQ,STMAQUY,ST. MARYS QUAY
SMR,SMTHKRS,SMETHWICK ROLFE STREET
SMT,SMARGRT,ST MARGARETS (HERTFORDSHIRE)
SMW,SMTHWKW,SMETHWICK WEST
SMY,STMRYC,ST MARY CRAY
SNA,SABR,SANDAL & AGBRIGG
SND,SNDHRST,SANDHURST
SNE,STONE,STONE
SNF,SHENFLD,SHENFIELD
SNG,SUNNGDL,SUNNINGDALE
SNH,STHLNSC,ST HELENS CENTRAL
SNI,SNAITH,SNAITH
SNK,SANKEY,SANKEY FOR PENKETH
SNL,STLEIGH,STONELEIGH
SNN,SWNT,SWINTON (GREATER MANCHESTER)
SNO,STNEOTS,ST NEOTS
SNP,SHPE,STANHOPE
SNR,SDSD,SANDERSTEAD
SNS,STAINES,STAINES
SNT,STNLWAT,STANLOW & THORNTON
SNW,SWNWICK,SWANWICK
SNY,SUNYMDS,SUNNYMEADS
SOA,SOTPKWY,SOUTHAMPTON AIRPORT (PARKWAY)
SOB,SBOURNE,SOUTHBOURNE
SOC,STHCENT,SOUTHEND CENTRAL
SOE,STHNDE,SOUTHEND EAST
SOF,WDHAMFR,SOUTH WOODHAM FERRERS
SOG,SNGT,STONEGATE
SOH,SHMPSTD,SOUTH HAMPSTEAD
SOI,STOW,STOW
SOJ,SOHAM,SOHAM
SOK,SKENTON,SOUTH KENTON
SOL,SOLIHUL,SOLIHULL
SOM,SMILFD,SOUTH MILFORD
SON,STEETON,STEETON & SILSDEN
SOO,STROOD,STROOD
SOP,SOUTHPT,SOUTHPORT
SOR,SOLEST,SOLE STREET
SOS,SNSS,STROMNESS (ORKNEYS)
SOT,STOKEOT,STOKE-ON-TRENT
SOU,SOTON,SOUTHAMPTON CENTRAL
SOU,SOTONB,SOUTHAMPTON CENTRAL
SOV,STHVIC,SOUTHEND VICTORIA
SOW,SWRBBDG,SOWERBY BRIDGE
SOY,STWY,STORNOWAY (ISLE OF LEWIS)
SOZ,SOUTLSM,SOUTHPORT (LORD ST MONUMENT)
SPA,SPALDNG,SPALDING
SPB,SHPDSB,SHEPHERDS BUSH
SPE,SPECIAL,Special for Charters
SPF,SPFD,SPRINGFIELD
SPH,SWELL,SHEPHERDS WELL
SPI,SPITAL,SPITAL
SPK,STTNPWY,SUTTON (IN ASHFIELD) PARKWAY
SPL,STPXBOX,ST PANCRAS LOW LEVEL
SPM,SWPMTLK,Sale Water Park Metrolink
SPN,SPONRRW,SPOONER ROW
SPO,SPDN,SPONDON
SPP,SPHL,SHIPPEA HILL
SPR,SPRNGBN,SPRINGBURN GLASGOW
SPS,STEPPS,STEPPS
SPT,STKP,STOCKPORT
SPU,SPHS,STAPLEHURST
SPW,,SOUTHAMPTON W DOCKS
SPX,STPADOM,ST PANCRAS
SPX,STPANCI,ST PANCRAS
SPY,SPLY,SHEPLEY
SQE,SURREYQ,SURREY QUAYS
SQH,SANQHAR,SANQUHAR
SQU,SQUIRES,SQUIRES GATE
SRA,STFD,STRATFORD
SRB,SEVTROG,SEVERN TUNNEL JN ROGIET POOL
SRC,STRHCOM,STREATHAM COMMON
SRD,STPLTNR,STAPLETON ROAD
SRE,,STRANRAER HARBOUR
SRF,SFRD,STRETFORD
SRG,SEERGRN,SEER GREEN AND JORDANS
SRH,STRHILL,STREATHAM HILL
SRI,SPRD,SPRING ROAD
SRL,SHIRLEY,SHIRLEY
SRN,STRINES,STRINES
SRO,SHRKSKS,SHIREOAKS
SRR,SARN,SARN
SRS,SELHRST,SELHURST
SRT,SHRTLND,SHORTLANDS
SRU,SRUISLP,SOUTH RUISLIP
SRW,,SCHIEDAM-ROTTERDAM WEST
SRY,SHBRYNS,SHOEBURYNESS
SSA,SESAA26,SOUTHEASE A26
SSC,SEASCAL,SEASCALE
SSD,STANAIR,STANSTED AIRPORT
SSE,SHRHMBS,SHOREHAM-BY-SEA  (WEST SUSSEX)
SSF,SEATNSF,SEATON SEA FRONT
SSH,STOKSTH,STOKE SOUTH
SSM,STKSMR,STOCKSMOOR
SSN,CATZ126,SOUTHEND BR
SSS,SHRNSOS,SHEERNESS-ON-SEA
SST,STANMFC,STANSTED MOUNTFITCHET
STA,STAFFRD,STAFFORD
STB,,STRATFORD BUS
STC,STCN,STRATHCARRON
STD,STRUD,STROUD
STE,STRETHM,STREATHAM
STF,STRMFRY,STROMEFERRY
STG,STIRLNG,STIRLING
STH,SHPRTH,SHEPRETH
STI,STDI,STADIUM
STJ,SEVTNLJ,SEVERN TUNNEL JUNCTION
STK,STOCTON,STOCKTON
STL,STHALL,SOUTHALL
STM,STMCHLS,ST MICHAELS
STN,SHVN,STONEHAVEN
STO,STOTNHM,SOUTH TOTTENHAM
STP,STPX,ST PANCRAS LONDON
STQ,SOTNTQ,SOUTHAMPTON TOWN QUAY
STR,STRNRR,STRANRAER
STS,SASH,SALTASH
STT,STEWRTN,STEWARTON
STU,STURRY,STURRY
STV,STVNSTN,STEVENSTON
STW,STRWBYH,STRAWBERRY HILL
STY,SOAVPWY,STRATFORD UPON AVON PARKWAY
STZ,SNDRMNK,ST PETERS
SUC,SUTTONC,SUTTON COMMON
SUD,SDBRYHR,SUDBURY & HARROW ROAD
SUG,SGRLOAF,SUGAR LOAF
SUM,SUMRSTN,SUMMERSTON
SUN,SNDRLND,SUNDERLAND
SUO,SUTTON,SUTTON (SURREY)
SUP,SNDP,SUNDRIDGE PARK
SUR,SURBITN,SURBITON
SUT,SUTCO,SUTTON COLDFIELD
SUU,SUNBURY,SUNBURY
SUW,SWLLCST,SOUTHWELL CHURCH STREET
SUY,SUDBURY,SUDBURY SUFFOLK
SVB,SVRNBCH,SEVERN BEACH
SVG,STEVNGE,STEVENAGE
SVK,SVNKNGS,SEVEN KINGS
SVL,STAVELY,STAVELEY (CUMBRIA)
SVR,SDAL,SILVERDALE
SVS,SEVNSIS,SEVEN SISTERS
SWA,SWANSEA,SWANSEA
SWB,PBROSTI,SWAFFHAM (TOURIST INF) BUS
SWC,NEWASWN,SWINDERBY A46 ROUNDABOUT
SWD,SWNDRBY,SWINDERBY
SWE,SWSHEAD,SWINESHEAD
SWF,SWANSED,SWANSEA DOCKS
SWG,SWYTHLN,SWAYTHLING
SWH,SHAFTTH,SHAFTESBURY TOWN HALL
SWI,SDON,SWINDON
SWJ,MNCRSWM,St Werburghs Road Mtlk
SWK,STHWICK,SOUTHWICK
SWL,SWALE,SWALE
SWM,SWNSCMB,SWANSCOMBE
SWN,SWINTN,SWINTON
SWO,SNWDNAN,SNOWDOWN
SWR,STWRTBY,STEWARTBY
SWS,WGSTS,SOUTH WIGSTON
SWT,SLTHWTE,SLAITHWAITE
SWW,SONWBUS,STOW-ON-THE-WOLD (BUS)
SWX,,SWINDON RHQ PT 2
SWY,SWAY,SWAY
SXB,,STRASBOURG
SXY,SAXILBY,SAXILBY
SYA,STYAL,STYAL
SYB,SBYD,STALYBRIDGE
SYD,SYDENHM,SYDENHAM
SYH,SYDNHMH,SYDENHAM HILL
SYL,SYONLA,SYON LANE
SYS,SYSTON,SYSTON
SYT,SMRLYTN,SOMERLEYTON
SZZ,,SCOTRAIL - CARDIFF SERCO
TAB,TAMEBDG,TAME BRIDGE PKWY
TAC,TACKLEY,TACKLEY
TAD,TADWTH,TADWORTH
TAF,TAFFSWL,TAFFS WELL
TAH,TMWTHHL,TAMWORTH HIGH LEVEL
TAI,TAIN,TAIN
TAL,TLSRNAU,TALSARNAU
TAM,TMWTHLL,TAMWORTH
TAP,TAPLOW,TAPLOW
TAT,TATNHMC,TATTENHAM CORNER
TAU,TAUNTON,TAUNTON
TAY,TAYNULT,TAYNUILT
TBD,THBDGS,THREE BRIDGES
TBM,TFBMTLK,TRAFFORD BAR METROLINK
TBR,TLBYRSD,TILBURY RIVERSIDE
TBT,TARBERT,TARBERT (ISLE OF LEWIS)
TBW,TUNWELL,TUNBRIDGE WELLS
TBY,TABY,THORNABY
TCR,TOTCTRD,TOTTENHAM COURT ROAD EL
TDU,TONDU,TONDU
TEA,TSDARPR,TEESSIDE AIRPORT
TED,TEDNGTN,TEDDINGTON
TEE,TIREE,TIREE (ISLE OF)
TEM,,TEMPLEMORE
TEN,TENBY,TENBY
TEO,THBLDSG,THEOBALDS GROVE APT
TEY,TEYNHAM,TEYNHAM
TFC,TELFRDC,TELFORD CENTRAL
TGM,TEINMTH,TEIGNMOUTH
TGS,TYGLAS,TY GLAS
THA,THATCHM,THATCHAM
THB,THLB,THORNLIEBANK
THC,TRNO,THURNSCOE
THD,TDITTON,THAMES DITTON
THE,THEALE,THEALE
THH,THHT,THATTO HEATH
THI,THIRSK,THIRSK
THK,CATZ150,THAMESLINK GROUP STATIONS
THL,TILEH,TILE HILL
THM,,THOMASTOWN
THO,THFORD,THORNFORD
THP,THANETP,THANET PARKWAY
THR,CATZ122,THORNE BR
THS,THURSO,THURSO
THT,THAL,THORNTONHALL
THU,THRGRTN,THURGARTON
THW,HNDSHWT,THE HAWTHORNS
TIB,CATZ152,TILBURY BR
TIL,TLBYTWN,TILBURY TOWN
TIM,TIMPRLY,TIMPERLEY
TIN,TINSMEA,TINSLEY MEADOWHALL
TIP,TIPTON,TIPTON
TIR,TIRPHIL,TIR-PHIL
TIS,TISBURY,TISBURY
TLB,TALB,TALYBONT
TLC,TALYCFN,TAL-Y-CAFN
TLH,TILHRST,TILEHURST
TLK,THELAKS,THE LAKES
TLS,THPLESK,THORPE-LE-SOKEN
TMC,TMPCMB,TEMPLECOMBE
TMF,XAMFOL,TAMERTON FOLIOT
TNA,THABBEY,THORNTON ABBEY
TNF,TONFNAU,TONFANAU
TNN,THORNEN,THORNE NORTH
TNP,TNYPNDY,TONYPANDY
TNS,THORNES,THORNE SOUTH
TNW,,TYNEWYDD
TOB,TOBRMRY,TOBERMORY (ISLE OF MULL)
TOD,TODMRDN,TODMORDEN
TOK,THOK,THREE OAKS
TOL,TOLWTH,TOLWORTH
TOM,TTNHMHL,TOTTENHAM HALE
TON,TONBDG,TONBRIDGE
TOO,TOOTING,TOOTING
TOP,TOPSHAM,TOPSHAM
TOT,TOTNES,TOTNES
TPB,THOPBAY,THORPE BAY
TPC,TCULVRT,THORPE CULVERT
TPN,TONPNTR,TON PENTRE
TPY,,TIPPERARY
TQY,TORQUAY,TORQUAY
TRA,TRFDPK,TRAFFORD PARK
TRB,TREHRBT,TREHERBERT
TRD,TRDYRHW,TROED Y RHIW
TRE,TRFRSTE,TREFFOREST ESTATE
TRF,TREFRST,TREFFOREST
TRH,TREHAFD,TREHAFOD
TRI,TRING,TRING
TRL,TRALEE,TRALEE
TRM,TRIMLEY,TRIMLEY
TRN,TROON,TROON
TRO,TRWBRDG,TROWBRIDGE
TRR,TORRE,TORRE
TRS,THUSTON,THURSTON
TRU,TRURO,TRURO
TRW,TRSFNYD,TRAWSFYNYDD
TRY,TREORCY,TREORCHY
TTA,TADWBUS,TADWORTH (THE AVENUE)
TTF,THETFD,THETFORD
TTH,THTH,THORNTON HEATH
TTN,TOTTON,TOTTON
TTY,,TETBURY
TUH,TULSEH,TULSE HILL
TUL,TULLOCH,TULLOCH
TUM,,TULLAMORE
TUR,TURKYST,TURKEY STREET
TUS,,THURLES
TUT,TUTBURY,TUTBURY & HATTON
TVA,DLTNTVA,TEES VALLEY AIRPORT
TVP,TIVIPW,TIVERTON PARKWAY
TWB,TWDBANK,TWEEDBANK
TWI,TWCKNHM,TWICKENHAM
TWN,TOWNGRN,TOWN GREEN
TWW,TNBDGWW,TUNBRIDGE WELLS WEST
TWY,TWYFORD,TWYFORD
TYB,TANYBWL,TAN-Y-BWLCH FR
TYC,TYCROES,TY CROES
TYG,TYGWYN,TYGWYN
TYL,TYNDRML,TYNDRUM LOWER
TYM,CATZ142,TYNDRUM BR
TYN,TYNEY,TYNE MARSHALLING YARD
TYP,TYNEMTH,TYNEMOUTH
TYR,TYLORTN,TYLORSTOWN
TYS,TYSL,TYSELEY
TYW,TYWYN,TYWYN
UCK,UCKFILD,UCKFIELD
UDD,UDNGSTN,UDDINGSTON
UHA,UPHALL,UPHALL
UHL,UPRHLWY,UPPER HOLLOWAY
UIG,UIGG,UIG (ISLE OF SKYE)
ULC,ULCEBY,ULCEBY
ULL,ULESKLF,ULLESKELF
ULP,ULLAPOL,ULLAPOOL
ULV,ULVRSTN,ULVERSTON
UMB,UMBRLGH,UMBERLEIGH
UNI,UNVRSYB,UNIVERSITY (BIRMINGHAM)
UNV,UNIV,UNIVERSITY (SUNDERLAND)
UPH,UHALIFD,UPPER HALLIFORD
UPL,UPHOLND,UPHOLLAND
UPM,UPMNSTR,UPMINSTER
UPT,UPTON,UPTON CHESHIRE
UPW,UPWEY,UPWEY
URM,URMSTON,URMSTON
UTT,UTOXETR,UTTOXETER
UTY,TYNDRMU,UPPER TYNDRUM
UWL,UWRLNGH,UPPER WARLINGHAM
VAE,BRGLVAL,VALLEY CENTERTAINMENT
VAL,VALLEY,VALLEY
VIC,VICT10,VICTORIA LONDON
VIC,VICT11,VICTORIA LONDON
VIC,VICT12,VICTORIA LONDON
VIC,VICT13,VICTORIA LONDON
VIC,VICT14,VICTORIA LONDON
VIC,VICT15,VICTORIA LONDON
VIC,VICT16,VICTORIA LONDON
VIC,VICT17,VICTORIA LONDON
VIC,VICT18,VICTORIA LONDON
VIC,VICT19,VICTORIA LONDON
VIC,VICT9,VICTORIA LONDON
VIC,VICTRIA,VICTORIA LONDON
VIC,VICTRIC,VICTORIA LONDON
VIC,VICTRIE,VICTORIA LONDON
VIR,VRGNWTR,VIRGINIA WATER
VPM,MNCRVPM,VELOPARK METROLINK
VTN,VNTNRBS,VENTNOR
VXH,VAUXHAL,VAUXHALL LONDON
VXH,VAUXHLM,VAUXHALL LONDON
VXH,VAUXHLW,VAUXHALL LONDON
WAC,WRGT,WARRINGTON CENTRAL
WAD,WADHRST,WADHURST
WAE,WLOE,WATERLOO (EAST) LONDON
WAF,WALLYFD,WALLYFORD
WAK,CATZ143,WAKEFIELD BR
WAL,WONT,WALTON-ON-THAMES
WAM,WALMER,WALMER
WAN,WANBRO,WANBOROUGH
WAO,WALTONM,WALTON (MERSEYSIDE)
WAR,WARE,WARE
WAS,WATONAS,WATTON-AT-STONE
WAT,WATRLMN,WATERLOO LONDON
WAT,WATRLOO,WATERLOO LONDON
WAT,WATRLOW,WATERLOO LONDON
WAV,WVRTTEC,WAVERTREE TECHNOLOGY PARK
WAW,WRGTWST,WARRINGTON WEST
WBC,WATBECH,WATERBEACH
WBD,WHTBDGE,WHITLEY BRIDGE
WBE,WDBDGBS,WADEBRIDGE
WBG,WADSLYB,WADSLEY BRIDGE
WBL,WRBLNGT,WARBLINGTON
WBO,WIMLCHS,WIMBLEDON CHASE
WBP,WBRMPTN,WEST BROMPTON
WBQ,WRGTNBQ,WARRINGTON BANK QUAY
WBR,WHALYBG,WHALEY BRIDGE
WBY,WBYFLET,WEST BYFLEET
WCB,WCOMBEP,WESTCOMBE PARK
WCF,WCLIFF,WESTCLIFF
WCH,WHTCHRH,WHITCHURCH (HAMPSHIRE)
WCK,WICK,WICK
WCL,WCALDER,WEST CALDER
WCM,WCKHMMR,WICKHAM MARKET
WCP,WRCSTRP,WORCESTER PARK
WCR,WTCR,WHITECRAIGS
WCT,WATCHET,WATCHET (BUS)
WCX,WEMBLSM,WEMBLEY STADIUM
WCY,WCROYDN,WEST CROYDON
WDA,WDDONM,WADDON MARSH
WDB,WODBDGE,WOODBRIDGE
WDD,WDRNGTN,WIDDRINGTON
WDE,WDND,WOOD END
WDH,WDHOUSE,WOODHOUSE
WDI,MNCRWDM,WEST DIDSBURY METROLINK
WDL,WHHL,WOODHALL PORT GLASGOW
WDM,WMER,WINDERMERE
WDN,WDEN,WALSDEN
WDO,WADDON,WADDON
WDR,WDLNDSR,WOODLANDS ROAD
WDS,WDLESFD,WOODLESFORD
WDT,WDRYTON,WEST DRAYTON
WDU,WDULWCH,WEST DULWICH
WDY,WDLYHI,WOODLEY (HUNTERS INN)
WEA,WEALING,WEST EALING
WEB,,WELLINGTON BRIDGE
WED,WEDGWD,WEDGWOOD
WEE,WEELEY,WEELEY
WEH,WHAMHL,WEST HAM
WEJ,WJSS,WEST JESMOND
WEL,WLNGBRO,WELLINGBOROUGH
WEM,WEMM,WEM
WEN,WENXTSE,WELLS NEXT THE SEA
WEO,WEDGORD,WEDGWOOD ENTRANCE OLD ROAD
WER,WEDGORB,WEDGWOOD
WES,WESTRTN,WESTERTON
WET,WEETON,WEETON
WEY,WEYMTH,WEYMOUTH
WFD,WATERFD,WATERFORD
WFF,WHIFLET,WHIFFLET
WFH,WATFDHS,WATFORD HIGH STREET
WFI,WSTRFLD,WESTERFIELD
WFJ,WATFDJ,WATFORD JUNCTION
WFL,WAINFLT,WAINFLEET
WFN,WATFDN,WATFORD NORTH
WFS,WATFDSM,WATFORD STADIUM
WFW,WATFDW,WATFORD WEST
WGA,WESGTOS,WESTGATE-ON-SEA
WGC,WLWYNGC,WELWYN GARDEN CITY
WGN,WIGANNW,WIGAN NORTH WESTERN
WGR,WDGRNPK,WOODGRANGE PARK
WGT,WIGTON,WIGTON
WGV,WARGRAV,WARGRAVE
WGW,WIGANWL,WIGAN WALLGATE
WHA,WENHNGR,WESTENHANGER
WHC,WLTWCEN,WALTHAMSTOW CENTRAL
WHD,WHMDSTD,WEST HAMPSTEAD
WHE,WHALLEY,WHALLEY
WHG,WSTHOTN,WESTHOUGHTON
WHH,WITEHIL,WHITEHILL
WHI,WHSTBLE,WHITSTABLE
WHK,WTCMTLK,Wythenshawe Town Cntr MTLK
WHL,WHHRTLA,WHITE HART LANE
WHM,WHIMPLE,WHIMPLE
WHN,WHISTON,WHISTON
WHP,WHMPSTM,WEST HAMPSTEAD THAMESLINK
WHR,WHORNDN,WEST HORNDON
WHS,WHYTLFS,WHYTELEAFE SOUTH
WHT,WHCH,WHITCHURCH (SOUTH GLAMORGAN)
WHX,WCHAPXR,WHITECHAPEL EL
WHY,WHYTELF,WHYTELEAFE
WIA,WILHAL,WILLENHALL
WIC,WIKFORD,WICKFORD
WID,WIDNES,WIDNES
WIG,CATZ145,WIGAN BR
WIH,WNMHILL,WINCHMORE HILL
WIJ,WLSD,WILLESDEN JUNCTION
WIL,WLNTNON,WILLINGTON
WIM,WDON,WIMBLEDON
WIM,WIMBLDN,WIMBLEDON
WIN,WNCHSTR,WINCHESTER
WIR,CATZ007,WIRKSWORTH
WIS,WISBBUS,WISBECH HORSEFAIR
WIU,NEWAWSH,WITHAM ST HUGHES
WIV,WIVENHO,WIVENHOE
WIX,WIXAMS,WIXAMS
WJH,WLSDJHL,WILLESDEN JUNCTION HIGH LEVEL
WJL,WLSDNJL,WILLESDEN JUNCTION LOW LEVEL
WKB,WKILBRD,WEST KILBRIDE
WKD,WALKDEN,WALKDEN
WKF,WKFLDWG,WAKEFIELD WESTGATE
WKG,WKNT,WORKINGTON
WKI,WKIRBY,WEST KIRBY
WKK,WKFLDKG,WAKEFIELD KIRKGATE
WKL,WKLW,WICKLOW
WKM,WOKNGHM,WOKINGHAM
WLA,,WOODLAWN
WLC,WALHAMX,WALTHAM CROSS
WLD,WSLE,WEST ST LEONARDS
WLE,WHTLSEA,WHITTLESEA
WLF,WTLESFD,WHITTLESFORD PARKWAY
WLG,WALAGRD,WALLASEY GROVE ROAD
WLH,WOLSHAM,WOLSINGHAM
WLI,WELLING,WELLING
WLL,,WALLSEND
WLM,WMWD,WILLIAMWOOD
WLN,WELNGTN,WELLINGTON
WLO,WLOO,WATERLOO (MERSEYSIDE)
WLP,WELSHPL,WELSHPOOL
WLQ,WELISOM,WELLINGTON (SOMERSET)
WLS,WOLSTON,WOOLSTON
WLT,WALNGTN,WALLINGTON
WLV,WALASYV,WALLASEY VILLAGE
WLW,WLWYNN,WELWYN NORTH
WLY,WOODLEY,WOODLEY
WMA,WMALING,WEST MALLING
WMB,WMBY,WEMBLEY CENTRAL
WMC,WILMCOT,WILMCOTE
WMD,WYMNDHM,WYMONDHAM
WME,WDMNSTR,WOODMANSTERNE
WMG,WELHAMG,WELHAM GREEN
WMI,WLDMILL,WILDMILL
WML,WLMSL,WILMSLOW
WMM,MNCRWML,WITHINGTON METROLINK
WMN,WRMNSTR,WARMINSTER
WMP,WITYNE,WITNEY
WMR,WDNYMNR,WIDNEY MANOR
WMS,WEMYSSB,WEMYSS BAY
WMT,MNCRWST,WEASTE MTLK
WMW,WLTHQRD,WALTHAMSTOW QUEENS ROAD
WNC,WINDSEC,WINDSOR & ETON CENTRAL
WND,WENDOVR,WENDOVER
WNE,WILNECT,WILNECOTE
WNF,WNCFILD,WINCHFIELD
WNG,WAUNGRN,WAUNGRON PARK <FAIRWATER>
WNH,WARNHAM,WARNHAM
WNI,WINCNEW,WINCHELSEA - NEW INN
WNL,WHINH,WHINHILL
WNM,WMILTON,WESTON MILTON
WNN,WENNGTN,WENNINGTON
WNO,WINSLOW,WINSLOW
WNP,WNSTDPK,WANSTEAD PARK
WNR,WSORAER,WINDSOR & ETON RIVERSIDE
WNS,WINERSH,WINNERSH
WNT,WDWTOWN,WANDSWORTH TOWN
WNW,WNORWOD,WEST NORWOOD
WNY,WNOTLEY,WHITE NOTLEY
WOB,WOBURNS,WOBURN SANDS
WOD,WDBRNRD,WOODBURN ROAD
WOF,WORCSFS,WORCESTER FOREGATE STREET
WOH,WLDNGHM,WOLDINGHAM
WOK,WOKING,WOKING
WOK,WOKINGB,WOKING
WOL,WLVR,WOLVERTON
WOM,WOMBWEL,WOMBWELL
WON,WONNAZE,WALTON-ON-THE-NAZE
WOO,WOOL,WOOL
WOP,WORCPWY,WORCESTERSHIRE PARKWAY
WOR,WORLE,WORLE
WOS,WORCSSH,WORCESTER SHRUB HILL
WOX,WKNTBS,WORKINGTON (BUS STATION)
WPE,WAPPING,WAPPING
WPH,WORCPHL,WORCESTERSHIRE PARKWAY HL
WPK,WDNPK,WIMBLEDON PARK
WPL,WRPLSDN,WORPLESDON
WPM,WSPMTLK,Wythenshawe Park Metrolink
WPT,,WESTPORT
WRB,WRABNES,WRABNESS
WRC,CATZ146,WORCESTER BR
WRD,WBRR,WANSBECK ROAD
WRE,WRENBRY,WRENBURY
WRG,CATZ144,WARRINGTON BR
WRH,WORTHNG,WORTHING
WRK,WORKSOP,WORKSOP
WRL,WETHERL,WETHERAL
WRM,WARHAM,WAREHAM
WRN,WRUNTON,WEST RUNTON
WRO,WHTRSE,WHITE ROSE (LEEDS)
WRP,WARWPWY,WARWICK PARKWAY
WRS,WRESSLE,WRESSLE
WRT,WORSTED,WORSTEAD
WRU,WRUISLP,WEST RUISLIP
WRW,WARWICK,WARWICK
WRX,WREXHMG,WREXHAM GENERAL
WRY,WRYSBRY,WRAYSBURY
WSA,WALERTN,WEST ALLERTON
WSB,WSTBRYW,WESTBURY WILTS
WSD,CATZ120,WEST HAMPSTEAD BR
WSE,WINCHLS,WINCHELSEA
WSF,WNSFD,WINSFORD
WSG,WSTSTRT,WEST STREET GLASGOW
WSH,WISHAW,WISHAW
WSL,WALSALL,WALSALL
WSM,WSMARE,WESTON-SUPER-MARE
WSR,WMOR,WOODSMOOR
WST,WDST,WOOD STREET
WSU,WSUTTON,WEST SUTTON
WSW,WANDCMN,WANDSWORTH COMMON LONDON
WTA,WHAILES,WESTER HAILES
WTB,WTBY,WHITBY
WTC,WCHR,WHITCHURCH (SHROPSHIRE)
WTE,WHLE,WHITLOCKS END
WTF,WHFD,WHITEFIELD
WTG,WATLGTN,WATLINGTON
WTH,WHITHVN,WHITEHAVEN
WTI,WINETGL,WINNERSH TRIANGLE
WTL,WHLAND,WHITLAND
WTM,WITHAME,WITHAM
WTN,WHTTON,WHITTON
WTO,WTRORTN,WATER ORTON
WTP,WITOPRK,WITTON PARK
WTR,WTRNGBY,WATERINGBURY
WTS,WATSTND,WHATSTANDWELL
WTT,WITTON,WITTON BIRMINGHAM
WTW,COWESW,WEST COWES
WTY,WITLEY,WITLEY
WTZ,YORKWHT,WHITBY LANGBORNE
WVF,WVLSFLD,WIVELSFIELD
WVH,WVRMPTN,WOLVERHAMPTON
WVP,WVLEBUS,WATERLOOVILLE PRECINCT
WWA,WOLWCHA,WOOLWICH ARSENAL
WWC,WOLWXR,WOOLWICH EL
WWD,WOLWCDY,WOOLWICH DOCKYARD
WWI,WWICKHM,WEST WICKHAM
WWL,WHWLL,WHITWELL (DERBYS)
WWM,MNCRWWM,WESTWOOD METROLINK
WWO,WWRTHNG,WEST WORTHING
WWR,WNDSWRD,WANDSWORTH ROAD LONDON
WWW,WOTONWN,WOOTTON WAWEN
WXC,WREXHMC,WREXHAM CENTRAL
WXF,WEXFDOH,WEXFORD
WYB,WEYBDGB,WEYBRIDGE
WYB,WEYBDGE,WEYBRIDGE
WYE,WYEE,WYE
WYL,WYGN,WYLDE GREEN
WYM,WYLAM,WYLAM
WYT,WYTH,WYTHALL
XAA,BRWCGAL,GALASHIELS BUS STATION
XAB,BRSTMD,PLYMOUTH SURPLUS
XAC,ABRDCH,EXTERNAL WASHERS ABERDEEN
XAD,DUNT,DUNSTABLE
XAE,ABNGHST,ABINGDON (BUS)
XAF,AVEBRED,AVEBURY RED LION BUS STOP
XAG,CATZ,ARDRAHAN
XAH,CALLNRD,CALLINGTON NEW ROAD BUS STOP
XAI,CALNSTR,CALNE STRAND BUS STOP
XAJ,AMBERGJ,AMBERGATE JUNCTION
XAK,ALDBUCS,ALDERSBROOK UP CARR SDGS
XAL,ALERTNS,ALLERTON TMD
XAM,HLSTCUL,CULDROSE (RNAS)
XAN,AYNHOJ,AYNHO (CLOSED)
XAO,CORSNEW,CORSHAM NEWLANDS ROAD BUS STOP
XAP,DRTMPON,DARTMOUTH PONTOON BUS STOP
XAQ,DEVIZES,DEVIZES MARKET PLACE BUS STOP
XAR,AYRRCSD,AYR CARRIAGE CLEANING
XAS,FOWESHT,FOWEY SAFE HARBOUR HOTEL
XAT,ARDRSDS,ARDROSSAN CHS
XAU,FROMPOM,FROME POST OFFICE/MARKET PLACE
XAV,HLSTWOO,HELSTON WOOLWORTHS
XAW,KNGBQUY,KINGSBRIDGE QUAY BUS STOP
XAX,ACTONTC,ACTON(ML) MARSHALLING YARD
XAY,ABTSWDJ,BR ABBOTSWOOD JN ENG SIDING
XAZ,LAUNWST,LAUNCESTON WESTGATE STREET
XBA,BROWNHJ,BROWNHILL JN
XBB,BLFSGPO,BELFAST GPO
XBC,CATZ071,VIRGIN WC - DUMMY
XBD,LYNECMP,LYNEHAM CAMP MAIN GATE BUSSTOP
XBE,HTPKBUS,HEATON PARK BUS STOP
XBF,BAROWCS,BARROW-IN-FURNESS C.S.
XBG,HULLDMU,DMUD BOTANIC GARDENS
XBH,MRLBHST,MARLBOROUGH HIGH STREET
XBI,LOVRSWS,BRIGHTON  LOVERS WALK SIDINGS
XBJ,BSBYJN,BUSHBURY
XBK,GNLNJN,GREEN LANE JUNCTION
XBL,BLTCCS,CHS
XBM,BOMOCSD,BOURNEMOUTH MAINTENANCE
XBN,BOGNCHS,BOGNOR REGIS  CARRIAGE SIDINGS
XBO,MELKMAR,MELKSHAM MARKET PLACE BUS STOP
XBP,BRGHTTY,BRIGHTON DOWN SIDING
XBQ,BLTCTMD,BLETCHLEY T&RS W/SHOP STF
XBR,MIDSTHL,MIDSOMER NORTON TOWN HALL
XBS,BSNGSBM,BASINGSTOKE CARR SVCG
XBT,BSNGSDR,BASINGSTOKE DOWN YARD
XBU,BCKLWCS,BUCKLEY WELLS CARRIAGE SDGS
XBV,MINEBUT,MINEHEAD BUTLINS (BUS)
XBW,MINEBAN,MINEHEAD BANCKS STREET
XBX,BLFAIRS,BELFAIRS BUS
XBY,BSCTYD,BESCOT MSH YD FRT
XBZ,BSNGSUR,BASINGSTOKE UP YARD
XCA,CAMBTMD,RES CAMBRIDGE TMD:SPARE
XCB,ABDARAR,ABERDARE PLATFORM 2
XCC,CANTNCS,CSD
XCD,CATZ001,CRAUGHWELL
XCE,CHTMHCS,MANCHESTER VICTORIA CSOP
XCF,CRDFAIR,CARDIFF INTERNATIONAL AIRPORT
XCG,OKHMGOP,OKEHAMPTON GOING PLACES
XCH,CHSTRDD,CHESTER DMUD (TRCTN ENGRG)
XCI,CMTHNJ,JN SIDINGS
XCJ,CLNYBDJ,CLUNYBRIDGE JN
XCK,CKHLCSD,CORKERHILL CARR SERVICING DEPT
XCL,PERRBCH,PERRANPORTH BEACH ROAD
XCM,CMDNCSD,CARMD
XCN,CRGNTNY,CM&EE CRAIGENTINNY T&RSMD
XCO,COLWICH,COLWICH
XCP,CLPHJCS,BR CARRIAGE SIDINGS
XCR,CREWECS,CREWE CARRIAGE SIDINGS
XCS,CRNFUGL,DOWN & UP GOODS LOOP
XCT,CREWESY,SOUTH YARD CHS
XCU,STETLEI,STREET LEIGH RD/CRISPIN HALL
XCV,TVSTBUS,TAVISTOCK (BUS)
XCX,ALSTONS,ALSTONE CHS
XCY,TINTLNG,TINTAGEL LANGLEY'S SHOP
XCZ,CHSTYD,RECP
XDA,TIVIBUS,TIVERTON BUS STATION
XDB,BRKNMUD,BIRKENHEAD EMUD TRACTION ENGRG
XDC,WANTMPL,WANTAGE MARKET PLACE BUS STOP
XDD,CDON,CEGB
XDE,DUNDEHS,DUNDEE H.S.
XDF,BSNGDES,DOWN EAST END SIDING
XDG,EDGHDWG,DOWN WAPPING SIDINGS
XDH,WLLSPRI,WELLS (SOMERSET) PRINCES ROAD
XDI,WTNBHST,WOOTTON BASSETT HIGH STREET
XDJ,PLYMSAL,PLYMOUTH SALTASH ROAD BUS STOP
XDK,SDONBUS,SWINDON BUS STATION
XDL,LADRTMD,.
XDM,CHIPCOK,CHIPPENHAM COCKLEBURY ROAD
XDN,CHIPNEW,CHIPPENHAM NEW ROAD BUS STOP
XDO,BATHBUS,BATH BUS STATION
XDP,TOTNDSF,TOTNES DOWN STATION FORECOURT
XDQ,TAUNSFC,TAUNTON STATION FORECOURT
XDR,PARRSTA,PAR STATION ROAD BUS STOP
XDS,WSTBSTA,WESTBURY STATION APPROACH
XDT,DARTCS,DARTFORD C.S.
XDU,BRSTSTA,BRISTOL T.M. STATION APPROACH
XDV,BRGHLHS,COMERCIAL MANAGER LDN COASTWAY
XDW,BEDFBUS,BEDFORD BUS STATION
XDX,CULLMKH,CULLOMPTON MARKET HOUSE
XDY,DNSRSTP,DUNSTER STEEP BUS STOP
XEA,GLSTHAL,GLASTONBURY TOWN (BUS)
XEB,EBOUCS,EASTBOURNE  BR CARRIAGE SIDNGS
XEC,CAMVBUS,CAMBRIDGE PARKSIDE
XED,EFLDTMD,BREAKDOWN/RECOVERY EASTFIELD
XEE,HOLSLIB,HOLSWORTHY (BUS)
XEF,MEVATRE,MEVAGISSEY TREVORTH  BUS STOP
XEG,EDGHDHS,EDGE HILL DEPOT
XEH,ELGHTMD,EASTLEIGH BUSINESS TRAVEL
XEI,STNVBUS,ST NEOTS CAMBRIDGE STREET
XEJ,EFNGSHD,B R CARRIAGE SIDINGS
XEK,MRTECTR,MORETONHAMPSTEAD (COURT ST.)
XEL,,PENBARDAWE CROSS
XEM,EHMEMUD,EAST HAM ELEC MD
XEN,EUSTRES,CARMD(CARRIAGE ENGINEERING)
XEO,PCWLJST,PORTHCAWL JOHN STREET BUS STOP
XEP,DRBYEPS,ETCHES PARK T&RSMD (CARR ENG)
XEQ,RADSVHL,RADSTOCK VICTORIA HALL BUSSTOP
XES,ESJLEDS,ENG SHED &HOLBECK DEPOT JN
XET,NUTFBUS,NUTFIELD (MEMORIAL HALL)
XEU,EUSTUCS,UP CARRIAGE SHED
XEV,CHRTLCN,CHART LEACON LEVEL 5 DEPOT
XEW,ELGHABK,ALLBROOK
XEX,ELGHDCS,DOWN CARRIAGE SHED
XEY,BUCVBUS,BUCKINGHAM TESCO
XEZ,BCSTBUS,BICESTER BURE PLACE
XFA,FLKLNDS,FALKLAND S.S.
XFB,ELGHBRM,BRML HQ
XFC,FENNYCM,FENNY COMPTON
XFD,FRMPKRS,FERME PARK RECEPTION SDGS
XFE,FLKSECS,CARRIAGE HOLDING SIDINGS
XFF,EFNGJNK,EFFINGHAM JUNCTION NECK
XFG,BHAMAIR,BIRMINGHAM AIRPORT (BUS)
XFH,FGDHSDG,CARRIAGE SERVICING & STABLING
XFI,EMPKAR2,EAST MIDS AIPORT (BUS) 2
XFJ,STAUEDE,EDEN PROJECT
XFK,EPSMUS,EPSOM  UP SIDINGS   (TPS ONLY)
XFL,EXETRNY,NEW YARD FREIGHT DEPOT
XFM,FARNHMD,FARNHAM E M U T DPT
XFN,FARNEMU,FARNHAM CARR SVCG
XFO,GOODCHS,CARRIAGE SIDINGS
XFP,CATZ011,BLENHEIM PALACE via OXP
XFQ,GUILDCS,GUILDFORD UP CARRIAGE SDGS
XFR,FRATCSD,CARRIAGE SERVICING
XFS,NTHMDEP,NORTHAM DEPOT
XFT,POOLESS,SORTING SIDINGS
XFU,SLSBRYD,DEPOT
XFV,SLSBWCS,WEST END
XFW,SOTODGL,SOUTHAMPTON DOWN GOODS LP
XFX,SOTOUGL,UP GOODS LOOP
XFY,STAINSD,B R CARRIAGE SIDINGS
XFZ,STAINUL,UP LOOP
XGA,WARHDS,WAREHAM DOWN SIDING
XGB,WEYMJS,JERSEY SIDING
XGC,WNCHRBS,BALTIC SIDING
XGD,BNDSGRN,BOUNDS GREEN
XGE,WOKIEES,WOKING EAST END SIDINGS
XGF,,WOKING UP CARRIAGE SIDINGS
XGG,WOKNDS,WOKINGHAM DOWN SDG
XGH,WLVRTNW,BRML WOLVERTON
XGI,GLNGDEP,GILLINGHAM MAINTENANCE DEPOT
XGJ,GALTONJ,GALTON JUNCTION
XGK,YOVIJMS,YEOVIL JN DOWN MAIN SDG
XGL,PSEADCS,PORTSMOUTH & S. D.C.S.
XGM,GRNGMTJ,GRANGEMOUTH SS
XGN,WLMRGRN,WOOLMER GREEN JN.
XGO,DLTNCGP,CATTERICK GARRISON
XGP,GRVPCHS,B R CARRIAGE SIDINGS
XGQ,GALTILL,GALTON INTERCHANGE L.L
XGR,CATZ003,GORT
XGS,GRETNAJ,GRETNA JN
XGT,GTWKACS,CARRIAGE SIDINGS
XGU,SELHGRJ,GLOUCESTER ROAD JUNCTION
XGV,CATZ002,GLOUNTHAUNE
XGW,SHLDSMD,SHIELDS TMD(E)
XGX,SLADGEX,SLADE GREEN COUNTRY EXIT
XGY,BCSTGJN,BICESTER GAVRAY JUNCTION
XGZ,GTHLAND,GOATHLAND
XHA,HAYMTMD,HAYMARKET SD SUPERVISORS
XHB,HORBOM,HORBURY ALSTOM
XHC,LHRBHC,HATTON CROSS
XHD,HYNDLDL,HYNDLAND LOOP
XHE,HRNSYMD,EMUD
XHF,HTFDSD,HOTHFIELD SIDING
XHG,HTHRGRS,AMFS - HOO JN. W.SEC TERM
XHH,CANVHC,CANVEY HAYSTACK CORNER
XHI,HTHRPAD,DEPOT MGR - HITHER GREEN
XHJ,HOOJUYD,HOOJ JUNCTION UP YARD
XHK,HENWICK,HENWICK
XHL,BRSTLCW,RES BARTON HILL:DIRECT STAFF
XHM,HLYMLS,HEALEY MILLS YARD
XHN,HANSLPJ,HANSLOPE JUNCTION
XHO,HOLME,HOLME
XHP,HFDNDCS,HERTFORD NORTH DOWN CS
XHQ,HFDNCHS,CARRIAGE HOLDING SIDINGS
XHR,HALLTMD,KIRKDALE EMUD
XHS,HRNSYCS,CARRIAGE SIDINGS
XHT,HTONTMD,T&RSMD MATERIALS
XHU,HRGYURV,HARRINGAY UP REV SDGS
XHV,HAWORTH,HAWORTH
XHW,HIRWBUS,HIRWAUN (CLOCK)
XHX,HTHRLCS,LOCO HOLDING SIDING
XHY,HITCCEE,PW DEPOT
XHZ,HIGHBYE,HIGHBURY AND ISLINGTON ELL
XIA,PLNEJT,PARK LANE JUNCTION
XIB,BORGSTM,BOURG ST MAURICE
XIC,CNNBELL,CANONBURY ELL
XID,CATZ008,IDRIDGEHAY
XIE,ASHFCEJ,ASHFORD EAST JN (CTRL)
XIF,ILFEMUD,A SHOP BOGIE STORE NO.1
XIL,WILDJN,WILLINGDON JUNCTION
XIM,AMNGTNJ,AMINGTON JN
XIP,IPSWCCS,CARRIAGE STABLING & SERVICING
XIQ,IPSWRCP,IPSWICH RECEPTION
XIR,BRDSLYJ,BORDESLEY JUNCTION
XIT,TEBAY,TEBAY
XIV,IVRNMRT,MOTOR RAIL TERMINAL
XIW,ASHFCWJ,ASHFORD WEST JN (CTRL)
XJB,BENHARJ,BENHAR JN
XJC,CNNBYWJ,CANONBURY WEST JN
XJD,,DALSTON JUNCTION
XJF,FOXHALJ,FOXHALL JN
XJN,FAWKNRC,FAWKHAM JUNCTION NR/CTRL
XJR,JRDJ,JUNCTION ROAD JUNCTION
XJS,SNSTJN,STOATS NEST JN
XJV,BCSTSJ,BICESTER SOUTH JUNCTION
XKB,KNGXBEL,BELLE ISLE
XKC,CAEUPK,CAERAU PARK
XKE,NKENTEJ,NORTH KENT EAST JN
XKG,KENSLGJ,KENSAL GREEN JN
XKI,KNGSBYJ,KINGSBURY JUNCTION
XKK,KRKDLCS,KIRKDALE CARRIAGE CLEANING
XKL,KLYNNCS,KINGS LYNN CARRIAGE SDGS
XKM,KEYMERJ,KEYMER JUNCTION
XKS,KENGCSP,KENSAL GREEN CARRIAGE WASH PLT
XKV,KEIGWVR,KEIGHLEY & WORTH VALLEY L RLY
XKW,YSTRBWD,BLACKWOOD
XKY,CARLILY,NY_(DBS)
XLA,PICKLEV,LEVISHAM
XLB,HSFTLBD,LEEDS BRADFORD AIRPORT
XLC,CLACTCS,CARRIAGE SIDINGS
XLD,LEEDSFB,LEEDS FESTIVAL BUS
XLE,LTCEMUS,CHS
XLF,CLFFBM,BRETT MARINE
XLG,CLCHCSD,C & W STABLING & SERVICING
XLI,LNGSEUR,MCHESTER INTERNATIONAL DEP (LI
XLJ,BRCKLAJ,BRICKLAYERS ARMS JUNCTION
XLK,LOSTCKJ,LOSTOCK JUNCTION
XLL,LTCEADL,LETCHWORTH A/D LINE
XLM,DOLMORS,DOLLANDS MOOR SIDINGS
XLN,WLGFSTN,CHOLSEY & WALLINGFORD RLY
XLO,LOGHUNI,LOUGHBOROUGH UNIVERSITY
XLP,CLCHSTY,COLCHESTER YARD
XLQ,CANVLB,CANVEY LEIGH BECK
XLR,CANVLR,CANVEY LINK ROAD & DINANT
XLS,LSTHJN,LOSTOCK HALL JUNCTION
XLT,TUEBRKS,TC (TUE BROOK SIDINGS)
XLU,BSPSHIT,BISHOPS LYDEARD HITHERMEAD
XLV,LVRPLCL,LIVERPOOL CENTRAL (WIRRAL)
XLW,LLDODGF,LLANDRINDOD CROSSING GF
XLX,LNDRSTJ,LANDOR STREET JUNCTION
XLY,BICKLYJ,BICKLEY JUNCTION
XLZ,LARATMD,.
XMA,SWANMCS,MALIPHANT CARR SVCG & STABLING
XMB,MTRBDGJ,MITRE BRIDGE JUNCTION
XMC,MCHYNCS,MACHYNLLETH CS/CE SDGS
XMD,MADEJN,MADELEY JUNCTION (SALOP)
XME,CATZ004,MIDLETON
XMF,MINSTEJ,EAST JUNCTION
XMG,MNTGLDJ,MOUNT GOULD JN
XMH,MOTHWCS,MOTHERWELL WEIGHS CARR SDG
XMI,COPRMLJ,COPPERMILL JUNCTION
XMJ,MANTONJ,MANTON JUNCTION
XMK,MTRPLTJ,METROPOLITAN JUNCTION
XML,LNGSTCS,WC LONGSIGHT FLT CMD CARR ENG
XMN,MLVRNWL,MALVERN WELLS
XMO,MNTFLDS,BRIT GYPSUM LTD (MOUNTFIELD)
XMP,BRGHMHS,BRIGHTON  MONTPELIER SIDINGS
XMR,MORFNL,MOORFIELDS
XMS,MOSENY,MOSSEND SHUNT & MARSHALLING
XMT,DRTMTH,DARTMOUTH
XMU,STMRYCJ,ST MARY CRAY JUNCTION
XMV,CATZ005,MONASTEREVIN
XMW,MOTHDCS,MOTHERWELL DERBY C.S.
XMX,MNTFGBR,MOUNTFIELD SIDINGS (GBRF)
XNA,ALTRMET,ALTRINCHAM METROLINK
XNC,NRCHTMD,T&RSMD
XND,NMPTEMD,NORTHAMPTON EMD
XNE,BHAMNEC,BIRMINGHAM INT'L BUS STATION
XNF,CROESNF,NORTH FORK
XNJ,NEASDSJ,SOUTH JUNCTION SIGNAL BOX
XNK,NWRKFC,NEWARK CROSSING
XNL,NEVLTMD,NEVILLE HILL TRS
XNN,NWTNHDD,NEWTON HTH TMD (TRACTN ENGRG)
XNP,NPLEINT,M&EE NORTH POLE INTER DEPOT
XNS,BLCKNCS,BLACKPOOL CSOP
XNY,NRCHCSD,NORWICH JUBILEE SIDINGS
XOA,CRNFNJN,NORTH JUNCTION
XOB,OXHP,OXENHOPE
XOD,LEDBRNJ,LEDBURN JUNCTION
XOE,BONENDJ,BOURNE END JN (HERTS)
XOF,GOFER,GOSPORT FERRY
XOH,SMLHTHS,SOUTH JUNCTION
XOI,LCHTNJ,LICHFIELD NORTH JN (LL)
XOK,OLDOCCS,BR CARRIAGE SIDINGS
XOL,OLDOTMD,AME OOC DSL MTNCE DEPOT PART 1
XOM,ORTONMR,ORTON MERE
XON,STADJN,ST ANDREWS JUNCTION (WEST MIDS
XOO,OLDOHST,.
XOP,BOPEEPJ,BO PEEP JCN SIGNAL BOX
XOR,SHRTLNJ,SHORTLANDS JUNCTION
XOS,SOHOSJ,SOUTH JUNCTION
XOT,OTFORDJ,OTFORD JUNCTION
XOU,EUXTONJ,EUXTON JUNCTION
XOW,BOWJ,BOW JUNCTION
XOX,,OXFORD CARRIAGE CLNG SIDING
XOY,OXLEYCS,CARMD
XOZ,PROOFHJ,PROOF HOUSE JN
XPA,PRKSTNY,PARKESTON QUAY YARD
XPB,BRSTAIR,BRISTOL INTERNATIONAL AIRPORT
XPC,CANTONS,BR SIDINGS
XPD,PLMDDHS,POLMADIE DOWN HS
XPE,PETSWDJ,PETTS WOOD JUNCTION
XPF,PRNTSQ,PRINCETOWN SQUARE
XPG,,GORSEINON
XPH,PERTHCS,PERTH WRCS
XPI,,LIZARD
XPJ,PBLJWM,PORTOBELLO JN (WEST MIDS)
XPK,PICKRNG,PICKERING
XPM,STPHHST,.
XPN,PBRONCS,PETERBOROUGH NENE SIDINGS
XPO,,GLASGOW POLMADIE
XPQ,PBROEFL,PETERBOROUGH EASTFIELD
XPR,MINEPAR,MINEHEAD PARADE BUS STOP
XPS,PLMSTCS,BR CARRIAGE SIDINGS
XPT,PRSTNCS,PRESTON CARRIAGE ENGRING
XPU,PRSTUGL,UP GOODS LOOP
XPV,,MULLION
XPW,PBROWY,BR WEST YARD
XPX,,ST AGNES
XPY,PKBGJN,PARKS BRIDGE JUNCTION
XPZ,ABDAPEN,PENYWAUN
XQB,EMPKAR3,EAST MIDS AIPORT (BUS) 3
XQC,QUENCLS,MAINLAND CAR DISTRIBUTORS
XQS,,SHIPBREAKERS
XQW,WACRJN,WHITACRE JUNCTION
XQY,QUENYD,QUEENBOROUGH YARD
XRA,PRYBRNJ,PERRY BARR NORTH JUNCTION
XRD,RYDEHOV,RYDE HOVERPORT
XRE,RAMSGTD,RAMSGATE TRACTION MTNCE
XRF,CRFTDEP,CROFTON DEPOT
XRH,STHRHMJ,SOUTHERHAM JUNCTION
XRJ,RCHTBDJ,ROCHESTER BRIDGE JUNCTION
XRK,ARDWTMD,ARDWICK T.M.D
XRL,LOWRWSB,LOW ROW S.B.
XRM,MNCRRSM,ROCHDALE STATION METROLINK
XRN,WLSDRMT,WILLESDEN PRDC
XRO,RTFDLL,RETFORD LOW LEVEL
XRS,RHYMSDS,RHYMNEY SIDINGS
XRT,DARTFDJ,DARTFORD JUNCTION
XSA,SNDGNG,SANDRINGHAM NORWICH GATES
XSB,CATZ006,SIXMILEBRIDGE
XSC,TOTNSSR,SALCOMBE (BUS)
XSD,SPKLNDR,SPEKELAND ROAD F D LIVERPOOL
XSE,STLNWCS,CARRIAGE SIDINGS
XSF,STRBJGL,STOURBRIDGE JN GOODS LOOP
XSG,BYSTJN,BURY STREET JN
XSH,SLHRSTD,SELHURST  T&RS  MD  M&EE   NSC
XSI,SLWDJN,SALTWOOD JUNCTION
XSJ,SDONTFR,BR TRANSFER SORTING SIDINGS
XSK,SOTDWD,SOUTHAMPTON WESTERN DOCKS
XSL,STWTTMD,T & RSMD
XSM,STLNDEM,ST LEO RAILWAY ENGINEERING LTD
XSN,SOTDED,SOUTHAMPTON EASTERN DOCKS
XSO,IPSWSWD,SOUTHWOLD BUS
XSP,SHPRTBJ,SHEPRETH BRANCH JN
XSQ,SWNLYCS,B R CARRIAGE SIDINGS
XSR,SPHEADJ,SPRINGHEAD JUNCTION (CTRL)
XSS,STRHCSD,STREATHAM HILL GRP PLATS RLF
XSU,SPAROAD,SPA ROAD JUNCTION
XSV,STFDOCS,STRATFORD OLD YARD
XSW,STKWKSJ,BR STOKE WKS JN ENG SIDINGS
XSX,STRWBHD,B R CARRIAGE SIDINGS
XSY,SHRWBAF,SHREWSBURY ABBEY
XSZ,SOHODED,SOHO M&EE MAINTENANCE DEPOT
XTA,TMPLMEJ,TEMPLE MILLS EAST JN.
XTB,THBDWRS,THREE BRIDGES VOYAGER M.D.
XTC,,LIP
XTE,TABYTMD,TMD
XTF,TAFFDEP,TAFFS WELL DEPOT
XTG,TRENTJ,TRENT JUNCTION
XTH,STANBUS,STANSTED AIRPORT BUS
XTJ,THRNTHS,THORNTON CARRIAGE H S
XTL,LLHLABY,ABERTILLERY
XTM,TMPLMLY,TEMPLE MILLS MARSHALLING YD
XTN,TONBRBC,UP REDHILL BRANCH SIDINGS
XTO,ABDATRE,TRECYNON
XTP,DOLMEST,DOLLANDS MOOR EAST
XTR,TRENT,TRENT EAST JN
XTS,TYSLSDG,WHS C.S.
XTT,TERCESL,BR LINCOLN TERRACE SIDINGS
XTV,RHYMTRE,TREDEGAR
XTW,TONBDWY,TONBRIDGE WEST YARD
XTX,TMPLOCS,ORIENT WAY CS
XTY,TREHSDS,TREHERBERT SIDINGS
XUK,BCKJN,BUCKLAND JUNCTION
XUM,CARLTMD,CARLISLE STATION T&RS
XUN,BTNUNMD,BARTON UNDER NEEDWOOD RSMD
XUP,UPMNSP6,UPMINSTER
XUS,BRNSTPS,BARNSTAPLE STATION BS
XVC,VICTCS,VICTORIA  BR CARRIAGE SIDINGS
XVE,OXFDWBU,OXFORD WESTGATE
XVJ,VOLTRDJ,VOLTAIRE ROAD JN
XVR,VICTRCR,VICTORIA  CARRIAGE ROAD
XVS,MNCRVHS,L H S
XVT,SVNGTNS,SEVINGTON
XWA,WATRCHS,BR CARRIAGE SIDINGS
XWC,WLGFBUS,WALLINGFORD BUS
XWD,WDONCHS,BR CARRIAGE SIDINGS
XWE,WICHNRJ,WICHNOR JUNCTION
XWF,WMBYICD,CHS
XWG,WIGAWCS,WIGAN WALLGATE CARR. SDG.
XWH,WHTLNGJ,WHITLINGHAM
XWI,WLSDWLJ,WEST LONDON JN
XWJ,WEYMOCS,B R SIDINGS
XWK,FAWKHMJ,FAWKHAM JUNCTION
XWM,WIGANDD,TMD (TRACTION ENGINEERING)
XWO,,BR CARRIAGE SIDINGS
XWP,WDONCSD,WIMBLEDON PARK C.S.D.
XWQ,,WOKING DOWN YARD
XWR,WORCSCS,WORCESTER S H CARR CLNG
XWS,WLSDSWS,SOUTH WESTERN RS
XWT,WVRTRPD,LIVERPOOL WAVERTREE P C D
XWU,WARWUNI,WARWICK UNIVERSITY
XWV,DONCWY,DONCASTER WEST YARD
XWW,WWRTHND,WEST WORTHING  CARRIAGE SIDNGS
XWX,WLGFORD,WALLINGFORD MARKET PLACE
XWY,WEMBLMD,WEMBLEY LMD
XWZ,WEEDON,WEEDON
XXA,ARUNDLJ,ARUNDEL JUNCTION
XXB,CRNGX,CHARING CROSSOVER
XXD,,CHATHAM DOCKYARD
XXF,EXETRFP,EXETER
XXG,CSMLX,CRISMILL CROSSOVER
XXH,DAGNMJN,DAGENHAM JUNCTION
XXI,EBSFEJN,EBBSFLEET E JN
XXJ,EBSFWJN,EBBSFLEET W JN
XXK,LENHAMX,LENHAM CROSSOVER
XXL,NASHENX,NASHENDEN CROSSOVER
XXM,CREWBHM,BASFORD HALL YARD (FL)
XXN,SNGWX,SINGLEWELL CROSSOVER
XXO,SFLTJN,SOUTHFLEET JUNCTION
XXP,SFLTX,SOUTHFLEET CROSSOVER
XXQ,STFOEJN,STRATFORD INTL E JN
XXR,STFOWJN,STRATFORD INTL W JN
XXS,SHRNSSW,SHEERNESS STEEL CO PS
XXT,EXETAIR,EXETER AIRPORT
XXU,WENGTNX,WENNINGTON CROSSOVERS
XXV,YWAYNJN,YORK WAY NORTH JN
XXW,WLSDNN7,WILLESDEN NO 7
XXX,WENHX,WESTENHANGER CROSSOVERS
XXY,YWAYSJN,YORK WAY SOUTH JUNCTION
XXZ,CATZ070,THREE BRIDGES ROC
XYA,YARMCHS,CARRIAGE SIDINGS
XYB,BLTCYD,BLETCHLEY FREIGHT SIDINGS
XYC,CRAWNYD,CRAWLEY NEW YARD
XYD,YOKERCS,YOKER STABLING & CLEANING
XYE,ELYYNJN,ELY NORTH JN
XYJ,WEAVERJ,WEAVER JN SIGNAL BOX
XYK,YORKTPE,YORK SIEMENS TRANSPORTATION
XYM,CLPHMYM,CLAPHAM YARD
XYR,STPXCYS,CHURCHYARD CHS
XYS,YORKYS,YORK YARD SOUTH
XYT,YTRHPEN,PENRHYS (ROUNDABOUT)
XYW,WLWYCSD,EMU STABLING SIDINGS
XYX,ALFREMD,E MIDS DESIGNER OUTLET
YAE,YATE,YATE
YAL,YALDING,YALDING
YAT,YATTON,YATTON
YEO,YEOFORD,YEOFORD
YET,YTMNSTR,YETMINSTER
YMH,YMTHIOW,YARMOUTH (I.O.W) SLIPWAY
YNW,YNYSWEN,YNYSWEN
YOK,YOKER,YOKER
YRD,YRDLYWD,YARDLEY WOOD
YRK,YORK,YORK
YRM,YAAM,YARM
YRT,YORTON,YORTON
YSM,YSTRADM,YSTRAD MYNACH
YSR,YTRHOND,YSTRAD RHONDDA
YST,YSTRBST,YSTRADGYNLAIS BUS STATION
YVB,YOVILBS,YEOVIL BUS STN
YVJ,YOVILJN,YEOVIL JUNCTION
YVP,YOVILPM,YEOVIL PEN MILL
ZAA,,CUTTY SARK - MAR GREENWICH DLR
ZAC,,ELVERSON ROAD DLR
ZAD,ALDGTLT,ALDGATE LT
ZAE,ALDGEST,ALDGATE EAST LT
ZAF,,LONDON CITY AIRPORT DLR
ZAG,,ARNOS GROVE LT
ZAH,,PONTOON DOCK DLR
ZAI,,WEST SILVERTOWN DLR
ZAJ,,WOOLWICH ARSENAL DLR
ZAL,,ABBEY ROAD DLR
ZAM,,ARSENAL LT
ZAN,,ANGEL LT
ZAO,,ASCOT ROAD LT
ZAP,,ALPERTON LT
ZAR,,ARCHWAY LT
ZAS,,ALL SAINTS  DLR
ZAT,ACTONTN,ACTON TOWN LT
ZAW,,STRATFORD INTERNATIONAL DLR
ZBA,,BANK LT
ZBB,BRBCNLT,BARBICAN LT
ZBC,,BOW CHURCH  DLR
ZBD,,BOND STREET LT
ZBE,,BETHNAL GREEN LT
ZBF,,BLACKFRIARS LT
ZBG,BNDSLUL,BOUNDS GREEN LT
ZBH,,BLACKWALL DLR
ZBI,,BUCKHURST HILL LT
ZBJ,,BECKTON PARK DLR
ZBK,,BLACKHORSE ROAD LT
ZBL,,BALHAM LT
ZBM,BSTMNR,BOSTON MANOR LT
ZBN,,BARKINGSIDE LT
ZBO,,BURNT OAK LT
ZBP,,BELSIZE PARK LT
ZBQ,BRNSTLT,BARONS COURT LT
ZBR,,BOW ROAD LT
ZBS,LONDNBS,BAKER STREET LT
ZBT,,BRENT CROSS LT
ZBU,,BOROUGH LT
ZBV,,LEWISHAM DLR
ZBW,BROMBLT,BROMLEY-BY-BOW LT
ZBX,,BRIXTON LT
ZBY,,BAYSWATER LT
ZBZ,BECNTRE,BECONTREE LT
ZCA,,CLAPHAM SOUTH LT
ZCB,,CANNING TOWN LT
ZCC,,CLAPHAM COMMON LT
ZCD,,COLINDALE LT
ZCE,,CUSTOM HOUSE DLR
ZCF,,CHALK FARM LT
ZCG,,CHIGWELL LT
ZCH,,CROSSHARBOUR  DLR
ZCI,CHSPLUL,CHISWICK PARK LT
ZCJ,,STAR LANE DLR
ZCK,CCKFLUL,COCKFOSTERS LT
ZCL,,COLLIER'S WOOD LT
ZCM,CHSM,CHESHAM LT
ZCN,,CLAPHAM NORTH LT
ZCO,CRXLEY,CROXLEY LT
ZCP,,CANONS PARK LT
ZCQ,,CYPRUS DLR
ZCR,,CALEDONIAN ROAD LT
ZCS,,CANNON STREET LT
ZCT,,CAMDEN TOWN LT
ZCU,,CUTTY SARK-MARITIME GREENWICH
ZCV,,COVENT GARDEN LT
ZCW,CNDAW,CANADA WATER
ZCX,,CHARING CROSS LT
ZCY,,CHANCERY LANE LT
ZCZ,,CANARY WHARF DLR
ZDA,,DOCKLANDS ZONE 4
ZDB,DPTFBD,DEPTFORD BRIDGE DLR
ZDC,,DOCKLANDS ZONE 34
ZDD,,DEBDEN LT
ZDE,DGNHELT,DAGENHAM EAST LT
ZDH,,DAGENHAM HEATHWAY LT
ZDL,,DOCKLANDS ZONE 2
ZDO,,DOLLIS HILL LT
ZDR,,DEVONS ROAD  DLR
ZDX,,SHADWELL  DLR
ZDZ,,DOCKLANDS ZONE 3
ZEA,,EAST ACTON LT
ZEB,,EALING BROADWAY LT
ZEC,,EALING COMMON LT
ZED,EDGWARE,EDGWARE LT
ZEE,,EASTCOTE LT
ZEF,,EAST FINCHLEY LT
ZEG,,EPPING LT
ZEH,EASTHAM,EAST HAM LT
ZEI,,EAST INDIA DLR
ZEK,EMBKMNT,EMBANKMENT LT
ZEL,EPHT,ELEPHANT & CASTLE LT
ZEM,,EDGWARE ROAD (MET&CIRCLE) LT
ZEO,BRMNDSY,BERMONDSEY LT
ZEP,,ELM PARK LT
ZER,,EDGWARE ROAD (BAKERLOO) LT
ZES,,EUSTON SQUARE LT
ZET,ELCT,EARL'S COURT LT
ZEU,,EUSTON LT
ZEV,,ELVERSON ROAD - DLR
ZFA,,FAIRLOP LT
ZFB,,FULHAM BROADWAY LT
ZFC,,FINCHLEY CENTRAL LT
ZFD,FNTLSR,FARRINGDON
ZFD,FRNDNLT,FARRINGDON
ZFP,,FINSBURY PARK LT
ZFR,FNCHMET,FINCHLEY ROAD LT
ZFW,,WESTFERRY  DLR
ZGA,,GANTS HILL LT
ZGC,,GALLIONS REACH DLR
ZGE,,GREEN PARK LT
ZGF,,GREENFORD LT
ZGG,,GOLDERS GREEN LT
ZGH,,GRANGE HILL LT
ZGN,,GREENWICH DLR
ZGP,,GREAT PORTLAND STREET LT
ZGR,,GLOUCESTER ROAD LT
ZGS,,GOODGE STREET LT
ZGW,,GOLDHAWK ROAD LT
ZHA,HAMDLUL,HAMMERSMITH LT
ZHB,HIGBRNT,HIGH BARNET LT
ZHC,,HOUNSLOW CENTRAL LT
ZHD,HLNDLT,HILLINGDON LT
ZHE,,HOUNSLOW EAST LT
ZHF,,HEATHROW TERMINAL NO 4 LT
ZHG,,HIGHGATE LT
ZHH,,HEATHROW TERMINAL 5 LT
ZHI,,HIGHBURY & ISLINGTON LT
ZHJ,HTRWUND,HEATHROW T1234 LT
ZHL,,HANGER LANE LT
ZHM,,HAMPSTEAD LT
ZHN,,HENDON CENTRAL LT
ZHO,,HOLBORN LT
ZHP,,HOLLAND PARK LT
ZHQ,,HERON QUAYS
ZHR,HLWYRLT,HOLLOWAY ROAD LT
ZHS,KNSGHST,HIGH STREET KENSINGTON LT
ZHT,,HAINAULT LT
ZHU,,HORNCHURCH LT
ZHV,,HEATHROW 123 LT
ZHW,,HOUNSLOW WEST LT
ZHX,,HATTON CROSS LT
ZHY,,HYDE PARK CORNER LT
ZHZ,,HAMMERSMITH (MET) LT
ZIC,,ICKENHAM LT
ZIG,,ISLAND GARDENS  DLR
ZIQ,,WEST INDIA QUAY  DLR
ZKB,BARKGLT,BARKING LT
ZKE,,KENNINGTON LT
ZKG,,KING GEORGE V DLR
ZKI,,KILBURN LT
ZKN,,KNIGHTSBRIDGE LT
ZKP,KILBPLT,KILBURN PARK LT
ZKT,,KENTISH TOWN LT
ZKX,,KING'S CROSS ST.PANCRAS LT
ZKY,,KINGSBURY LT
ZLA,,LANCASTER GATE LT
ZLB,,LONDON BRIDGE LT
ZLE,,LEYTONSTONE LT
ZLG,,LADBROKE GROVE LT
ZLH,,LIMEHOUSE DLR
ZLN,,LAMBETH NORTH LT
ZLO,,LOUGHTON LT
ZLP,,LANGDON PARK LT
ZLQ,,SLOANE SQUARE LT
ZLR,,LATIMER ROAD LT
ZLS,,LEICESTER SQUARE LT
ZLT,,BATTERSEA LT
ZLV,,LIVERPOOL STREET LT
ZLW,WCHAPEL,WHITECHAPEL
ZLY,,LEYTON LT
ZMA,,MARBLE ARCH LT
ZMC,,MORNINGTON CRESCENT LT
ZME,,MILE END LT
ZMG,MORGTLT,MOORGATE LT
ZMH,MANSNHS,MANSION HOUSE LT
ZML,,MILL HILL EAST LT
ZMM,,MONUMENT LT
ZMO,,MORDEN LT
ZMP,MOORPK,MOOR PARK LT
ZMR,,MANOR HOUSE LT
ZMU,,MUDCHUTE  DLR
ZMV,MDVLLT,MAIDA VALE LT
ZMY,,MARYLEBONE LT
ZNA,NACTON,NORTH ACTON LT
ZND,,NORTHWOOD LT
ZNE,,NORTH EALING LT
ZNF,,NORTHFIELDS LT
ZNG,,NOTTING HILL GATE LT
ZNH,,NORTH HARROW LT
ZNK,,NORTHWICK PARK LT
ZNM,,NINE ELMS LT
ZNN,,NEASDEN LT
ZNO,,NORTHOLT LT
ZNP,ILFENBP,NEWBURY PARK LT
ZNS,,NORTHWOOD HILLS LT
ZOA,,OAKWOOD LT
ZOC,OXFCRCS,OXFORD CIRCUS LT
ZOS,,OLD STREET LT
ZOV,,OVAL LT
ZOY,,OSTERLEY LT
ZPA,,PADDINGTON LT
ZPB,,PUTNEY BRIDGE LT
ZPC,PICDYCR,PICCADILLY CIRCUS LT
ZPD,,PRINCE REGENT DLR
ZPE,,PERIVALE LT
ZPG,,PARSONS GREEN LT
ZPI,,PINNER LT
ZPK,,PARK ROYAL LT
ZPL,,POPLAR  DLR
ZPM,,PUDDING MILL LANE  DLR
ZPO,,PIMLICO LT
ZPR,,PRESTON ROAD LT
ZPS,PLASTOW,PLAISTOW LT
ZPU,EPUTNEY,EAST PUTNEY
ZQB,,QUEENSBURY LT
ZQC,,CANARY WHARF LT
ZQS,,SOUTH WOODFORD LT
ZQW,,QUEENSWAY LT
ZRA,,RAVENSCOURT PARK LT
ZRB,,ROYAL VICTORIA DLR
ZRC,,ROYAL ALBERT DLR
ZRE,ILFERDB,REDBRIDGE LT
ZRG,,RUISLIP GARDENS LT
ZRH,,HARLESDEN LT
ZRL,,RAYNERS LANE LT
ZRM,,RUISLIP MANOR LT
ZRP,,REGENT'S PARK LT
ZRS,,RUSSELL SQUARE LT
ZRU,,RUISLIP LT
ZRV,,RODING VALLEY LT
ZRY,ROYALO,ROYAL OAK LT
ZSA,,SOUTHGATE LT
ZSB,,SHEPHERD'S BUSH MARKET LT
ZSC,,SWISS COTTAGE LT
ZSE,,SOUTH EALING LT
ZSF,,STAMFORD BROOK LT
ZSG,,STEPNEY GREEN LT
ZSH,,SUDBURY HILL LT
ZSI,SWIMBDN,SOUTH WIMBLEDON LT
ZSJ,,ST.JOHN'S WOOD LT
ZSK,SKENSIN,SOUTH KENSINGTON LT
ZSL,,STOCKWELL LT
ZSM,STNMORE,STANMORE LT
ZSN,,SNARESBROOK LT
ZSO,,SOUTHWARK LT
ZSP,,ST.PAUL'S LT
ZSQ,,SOUTH QUAY  DLR
ZSR,,SOUTH RUISLIP LT
ZSS,,ST JAMES'S PARK
ZST,,STRATFORD HIGH STREET DLR
ZSU,,VICTORIA (DISTRICT) LT
ZSV,,SEVEN SISTERS LT
ZSX,,SOUTH HARROW LT
ZSY,,SUDBURY TOWN LT
ZSZ,,SHEPHERD'S BUSH (CENTRAL) LT
ZTA,,THAMES WHARF DLR
ZTB,,TOOTING BEC LT
ZTC,,TOTTENHAM COURT ROAD LT
ZTG,TWGWDLR,TOWER GATEWAY DLR
ZTH,TOWERHL,TOWER HILL LT
ZTL,,TURNPIKE LANE LT
ZTM,,TEMPLE LT
ZTN,,BECKTON DLR
ZTO,,TOOTING BROADWAY LT
ZTP,,TUFNELL PARK LT
ZTR,,STRATFORD  DLR
ZTT,,TOTTENHAM HALE LT
ZTU,TRNHMGN,TURNHAM GREEN LT
ZTW,,TOTTERIDGE & WHETSTONE LT
ZTY,,THEYDON BOIS LT
ZUB,,UPMINSTER BRIDGE LT
ZUM,UPMNLT,UPMINSTER LT
ZUP,,UPTON PARK LT
ZUX,,UXBRIDGE LT
ZUY,,UPNEY LT
ZVA,,VAUXHALL LT
ZVI,,VICTORIA LT
ZVR,,WATFORD HOSPITAL LT
ZWA,WATRLLT,WATERLOO LT
ZWB,,WEST BROMPTON LT
ZWC,,WHITE CITY LT
ZWD,,WOOD GREEN LT
ZWE,,WEST ACTON LT
ZWF,,WEST FINCHLEY LT
ZWG,,WILLESDEN GREEN LT
ZWH,,WEST HAMPSTEAD LT
ZWI,,WOODSIDE PARK LT
ZWK,,WEST KENSINGTON LT
ZWL,,WHITECHAPEL LT
ZWM,,WESTMINSTER LT
ZWN,,WANSTEAD LT
ZWO,,WOODFORD LT
ZWQ,,WOOD LANE LT
ZWR,,WEST RUISLIP LT
ZWS,,WARREN STREET LT
ZWT,WATFLUL,WATFORD LT
ZWU,,WESTBOURNE PARK LT
ZWV,WRKALT,WARWICK AVENUE LT
ZWW,,WALTHAMSTOW CENTRAL LT
ZWX,,WEST HARROW LT
ZWY,,WEMBLEY PARK LT
ZWZ,WHAMLT,WEST HAM LT
ZZZ,,KINGS CROSS NORTHERN LT
